,LifeStyle
0,Good
1,Bad
2,Bad
3,Average
4,Average
5,Bad
6,Great
7,Bad
8,Average
9,Bad
10,Bad
11,Bad
12,Good
13,Bad
14,Bad
15,Bad
16,Bad
17,Average
18,Bad
19,Bad
20,Bad
21,Bad
22,Bad
23,Bad
24,Bad
25,Average
26,Average
27,Bad
28,Bad
29,Bad
30,Bad
31,Good
32,Average
33,Bad
34,Great
35,Good
36,Bad
37,Bad
38,Average
39,Good
40,Bad
41,Bad
42,Bad
43,Average
44,Bad
45,Average
46,Bad
47,Bad
48,Bad
49,Average
50,Bad
51,Good
52,Bad
53,Bad
54,Great
55,Bad
56,Average
57,Bad
58,Bad
59,Bad
60,Bad
61,Great
62,Average
63,Good
64,Good
65,Good
66,Average
67,Bad
68,Bad
69,Bad
70,Bad
71,Average
72,Bad
73,Bad
74,Bad
75,Great
76,Average
77,Average
78,Bad
79,Bad
80,Average
81,Bad
82,Bad
83,Average
84,Bad
85,Bad
86,Bad
87,Bad
88,Bad
89,Bad
90,Bad
91,Average
92,Bad
93,Bad
94,Bad
95,Average
96,Bad
97,Bad
98,Bad
99,Great
100,Bad
101,Bad
102,Average
103,Bad
104,Great
105,Bad
106,Good
107,Bad
108,Bad
109,Average
110,Average
111,Bad
112,Bad
113,Bad
114,Average
115,Bad
116,Bad
117,Good
118,Average
119,Average
120,Bad
121,Good
122,Bad
123,Bad
124,Average
125,Bad
126,Average
127,Good
128,Bad
129,Good
130,Good
131,Bad
132,Bad
133,Bad
134,Bad
135,Good
136,Bad
137,Bad
138,Bad
139,Bad
140,Good
141,Average
142,Bad
143,Good
144,Bad
145,Bad
146,Bad
147,Average
148,Bad
149,Great
150,Great
151,Bad
152,Bad
153,Bad
154,Bad
155,Bad
156,Good
157,Good
158,Bad
159,Average
160,Bad
161,Bad
162,Average
163,Good
164,Bad
165,Bad
166,Good
167,Bad
168,Average
169,Average
170,Bad
171,Good
172,Bad
173,Great
174,Average
175,Bad
176,Bad
177,Bad
178,Average
179,Bad
180,Bad
181,Bad
182,Average
183,Bad
184,Bad
185,Good
186,Bad
187,Bad
188,Average
189,Bad
190,Average
191,Bad
192,Good
193,Bad
194,Average
195,Great
196,Bad
197,Bad
198,Average
199,Average
200,Average
201,Bad
202,Bad
203,Bad
204,Average
205,Bad
206,Bad
207,Bad
208,Bad
209,Bad
210,Average
211,Average
212,Bad
213,Average
214,Bad
215,Bad
216,Average
217,Bad
218,Bad
219,Bad
220,Bad
221,Average
222,Good
223,Bad
224,Bad
225,Average
226,Bad
227,Bad
228,Bad
229,Bad
230,Bad
231,Bad
232,Bad
233,Bad
234,Good
235,Bad
236,Good
237,Bad
238,Average
239,Great
240,Good
241,Bad
242,Great
243,Good
244,Bad
245,Average
246,Bad
247,Bad
248,Bad
249,Bad
250,Average
251,Bad
252,Bad
253,Average
254,Bad
255,Bad
256,Average
257,Bad
258,Bad
259,Great
260,Bad
261,Good
262,Bad
263,Average
264,Great
265,Bad
266,Bad
267,Bad
268,Bad
269,Great
270,Bad
271,Bad
272,Great
273,Bad
274,Bad
275,Bad
276,Bad
277,Bad
278,Bad
279,Bad
280,Good
281,Average
282,Bad
283,Average
284,Average
285,Bad
286,Bad
287,Bad
288,Average
289,Bad
290,Bad
291,Bad
292,Average
293,Bad
294,Bad
295,Bad
296,Bad
297,Bad
298,Average
299,Average
300,Bad
301,Bad
302,Bad
303,Bad
304,Average
305,Good
306,Great
307,Average
308,Average
309,Bad
310,Bad
311,Bad
312,Bad
313,Bad
314,Bad
315,Great
316,Bad
317,Good
318,Average
319,Great
320,Bad
321,Bad
322,Bad
323,Bad
324,Bad
325,Bad
326,Bad
327,Bad
328,Good
329,Bad
330,Bad
331,Bad
332,Bad
333,Average
334,Bad
335,Bad
336,Bad
337,Average
338,Good
339,Bad
340,Average
341,Average
342,Good
343,Bad
344,Average
345,Good
346,Good
347,Bad
348,Bad
349,Bad
350,Bad
351,Bad
352,Bad
353,Bad
354,Bad
355,Bad
356,Average
357,Good
358,Bad
359,Bad
360,Bad
361,Average
362,Good
363,Bad
364,Great
365,Average
366,Bad
367,Average
368,Bad
369,Bad
370,Average
371,Bad
372,Bad
373,Bad
374,Good
375,Average
376,Bad
377,Bad
378,Good
379,Bad
380,Bad
381,Average
382,Bad
383,Bad
384,Bad
385,Bad
386,Bad
387,Bad
388,Bad
389,Average
390,Average
391,Bad
392,Average
393,Bad
394,Bad
395,Bad
396,Bad
397,Great
398,Bad
399,Bad
400,Bad
401,Bad
402,Good
403,Bad
404,Average
405,Bad
406,Bad
407,Bad
408,Bad
409,Bad
410,Bad
411,Good
412,Good
413,Good
414,Average
415,Good
416,Good
417,Bad
418,Bad
419,Bad
420,Bad
421,Good
422,Bad
423,Bad
424,Great
425,Bad
426,Bad
427,Bad
428,Bad
429,Bad
430,Average
431,Bad
432,Bad
433,Average
434,Bad
435,Average
436,Average
437,Average
438,Average
439,Good
440,Bad
441,Average
442,Average
443,Average
444,Average
445,Average
446,Bad
447,Bad
448,Bad
449,Bad
450,Bad
451,Good
452,Bad
453,Great
454,Average
455,Bad
456,Bad
457,Bad
458,Bad
459,Bad
460,Bad
461,Bad
462,Average
463,Bad
464,Bad
465,Average
466,Average
467,Bad
468,Average
469,Bad
470,Good
471,Bad
472,Bad
473,Average
474,Bad
475,Average
476,Bad
477,Good
478,Average
479,Bad
480,Bad
481,Bad
482,Bad
483,Average
484,Bad
485,Bad
486,Bad
487,Bad
488,Bad
489,Bad
490,Bad
491,Bad
492,Average
493,Great
494,Good
495,Bad
496,Good
497,Bad
498,Bad
499,Bad
500,Good
501,Bad
502,Good
503,Average
504,Bad
505,Average
506,Average
507,Bad
508,Good
509,Bad
510,Great
511,Bad
512,Good
513,Bad
514,Bad
515,Bad
516,Average
517,Bad
518,Bad
519,Bad
520,Average
521,Bad
522,Average
523,Bad
524,Bad
525,Average
526,Bad
527,Bad
528,Bad
529,Bad
530,Bad
531,Bad
532,Bad
533,Average
534,Bad
535,Average
536,Bad
537,Good
538,Bad
539,Average
540,Average
541,Average
542,Bad
543,Average
544,Average
545,Average
546,Bad
547,Average
548,Good
549,Bad
550,Average
551,Bad
552,Good
553,Good
554,Good
555,Bad
556,Bad
557,Bad
558,Average
559,Bad
560,Bad
561,Good
562,Bad
563,Bad
564,Great
565,Bad
566,Good
567,Bad
568,Good
569,Average
570,Bad
571,Average
572,Bad
573,Bad
574,Bad
575,Average
576,Bad
577,Bad
578,Bad
579,Bad
580,Good
581,Average
582,Bad
583,Bad
584,Average
585,Bad
586,Bad
587,Bad
588,Great
589,Bad
590,Bad
591,Average
592,Average
593,Bad
594,Average
595,Average
596,Bad
597,Good
598,Bad
599,Average
600,Bad
601,Bad
602,Bad
603,Great
604,Bad
605,Average
606,Bad
607,Average
608,Bad
609,Bad
610,Bad
611,Average
612,Average
613,Good
614,Average
615,Bad
616,Average
617,Good
618,Average
619,Average
620,Average
621,Average
622,Good
623,Average
624,Good
625,Average
626,Bad
627,Bad
628,Average
629,Great
630,Average
631,Bad
632,Bad
633,Bad
634,Bad
635,Good
636,Average
637,Bad
638,Great
639,Average
640,Average
641,Bad
642,Great
643,Bad
644,Bad
645,Good
646,Bad
647,Bad
648,Bad
649,Bad
650,Bad
651,Bad
652,Average
653,Good
654,Great
655,Bad
656,Bad
657,Bad
658,Bad
659,Average
660,Bad
661,Average
662,Average
663,Average
664,Bad
665,Good
666,Bad
667,Average
668,Good
669,Bad
670,Bad
671,Bad
672,Bad
673,Bad
674,Bad
675,Bad
676,Bad
677,Bad
678,Great
679,Bad
680,Bad
681,Great
682,Average
683,Bad
684,Average
685,Great
686,Good
687,Bad
688,Average
689,Bad
690,Bad
691,Average
692,Bad
693,Great
694,Average
695,Bad
696,Bad
697,Bad
698,Average
699,Bad
700,Bad
701,Great
702,Average
703,Bad
704,Bad
705,Bad
706,Average
707,Bad
708,Bad
709,Good
710,Bad
711,Good
712,Average
713,Good
714,Great
715,Bad
716,Good
717,Bad
718,Bad
719,Bad
720,Bad
721,Bad
722,Good
723,Average
724,Bad
725,Average
726,Bad
727,Bad
728,Bad
729,Bad
730,Average
731,Average
732,Bad
733,Bad
734,Bad
735,Bad
736,Bad
737,Average
738,Average
739,Average
740,Average
741,Bad
742,Average
743,Good
744,Average
745,Bad
746,Bad
747,Bad
748,Bad
749,Bad
750,Bad
751,Bad
752,Bad
753,Bad
754,Bad
755,Good
756,Bad
757,Average
758,Bad
759,Good
760,Good
761,Average
762,Average
763,Great
764,Bad
765,Bad
766,Bad
767,Bad
768,Bad
769,Bad
770,Bad
771,Bad
772,Average
773,Average
774,Bad
775,Great
776,Bad
777,Great
778,Average
779,Average
780,Bad
781,Bad
782,Bad
783,Average
784,Bad
785,Average
786,Good
787,Average
788,Good
789,Average
790,Bad
791,Bad
792,Bad
793,Bad
794,Average
795,Bad
796,Bad
797,Average
798,Bad
799,Bad
800,Average
801,Great
802,Bad
803,Bad
804,Bad
805,Average
806,Bad
807,Average
808,Good
809,Bad
810,Bad
811,Bad
812,Average
813,Average
814,Bad
815,Average
816,Average
817,Great
818,Bad
819,Average
820,Good
821,Bad
822,Good
823,Average
824,Bad
825,Bad
826,Bad
827,Average
828,Bad
829,Good
830,Average
831,Bad
832,Average
833,Good
834,Bad
835,Bad
836,Good
837,Bad
838,Bad
839,Average
840,Good
841,Good
842,Bad
843,Bad
844,Bad
845,Bad
846,Bad
847,Great
848,Average
849,Great
850,Bad
851,Good
852,Bad
853,Good
854,Bad
855,Bad
856,Bad
857,Bad
858,Average
859,Bad
860,Bad
861,Average
862,Bad
863,Bad
864,Bad
865,Bad
866,Bad
867,Average
868,Average
869,Good
870,Average
871,Bad
872,Average
873,Bad
874,Good
875,Bad
876,Average
877,Average
878,Average
879,Bad
880,Average
881,Bad
882,Bad
883,Bad
884,Average
885,Bad
886,Bad
887,Bad
888,Bad
889,Bad
890,Average
891,Good
892,Bad
893,Great
894,Bad
895,Bad
896,Bad
897,Bad
898,Bad
899,Bad
900,Great
901,Good
902,Good
903,Great
904,Bad
905,Average
906,Bad
907,Good
908,Bad
909,Bad
910,Average
911,Average
912,Good
913,Bad
914,Bad
915,Bad
916,Good
917,Great
918,Great
919,Average
920,Average
921,Good
922,Average
923,Bad
924,Bad
925,Bad
926,Bad
927,Bad
928,Bad
929,Bad
930,Average
931,Bad
932,Average
933,Bad
934,Bad
935,Average
936,Great
937,Bad
938,Bad
939,Good
940,Bad
941,Bad
942,Bad
943,Average
944,Bad
945,Bad
946,Bad
947,Bad
948,Good
949,Great
950,Bad
951,Bad
952,Bad
953,Average
954,Bad
955,Bad
956,Bad
957,Bad
958,Bad
959,Bad
960,Good
961,Bad
962,Average
963,Average
964,Bad
965,Bad
966,Average
967,Good
968,Average
969,Average
970,Bad
971,Average
972,Bad
973,Bad
974,Average
975,Bad
976,Bad
977,Bad
978,Great
979,Good
980,Great
981,Bad
982,Bad
983,Average
984,Bad
985,Bad
986,Average
987,Good
988,Bad
989,Average
990,Good
991,Bad
992,Bad
993,Bad
994,Good
995,Bad
996,Average
997,Average
998,Bad
999,Average
1000,Great
1001,Bad
1002,Bad
1003,Good
1004,Average
1005,Average
1006,Average
1007,Average
1008,Average
1009,Good
1010,Good
1011,Average
1012,Bad
1013,Average
1014,Bad
1015,Bad
1016,Bad
1017,Bad
1018,Good
1019,Bad
1020,Bad
1021,Good
1022,Bad
1023,Bad
1024,Average
1025,Bad
1026,Good
1027,Bad
1028,Bad
1029,Bad
1030,Average
1031,Bad
1032,Bad
1033,Bad
1034,Bad
1035,Average
1036,Average
1037,Average
1038,Bad
1039,Bad
1040,Average
1041,Average
1042,Average
1043,Bad
1044,Bad
1045,Average
1046,Average
1047,Bad
1048,Bad
1049,Bad
1050,Bad
1051,Good
1052,Good
1053,Average
1054,Bad
1055,Average
1056,Average
1057,Average
1058,Bad
1059,Bad
1060,Bad
1061,Good
1062,Bad
1063,Bad
1064,Bad
1065,Good
1066,Good
1067,Bad
1068,Average
1069,Bad
1070,Bad
1071,Average
1072,Good
1073,Bad
1074,Bad
1075,Good
1076,Bad
1077,Bad
1078,Bad
1079,Average
1080,Bad
1081,Bad
1082,Great
1083,Good
1084,Bad
1085,Bad
1086,Average
1087,Bad
1088,Average
1089,Bad
1090,Bad
1091,Bad
1092,Bad
1093,Great
1094,Average
1095,Average
1096,Average
1097,Bad
1098,Great
1099,Bad
1100,Average
1101,Average
1102,Bad
1103,Bad
1104,Good
1105,Good
1106,Bad
1107,Average
1108,Bad
1109,Average
1110,Bad
1111,Bad
1112,Bad
1113,Bad
1114,Great
1115,Great
1116,Average
1117,Bad
1118,Bad
1119,Bad
1120,Bad
1121,Average
1122,Bad
1123,Bad
1124,Average
1125,Good
1126,Bad
1127,Bad
1128,Bad
1129,Average
1130,Bad
1131,Bad
1132,Good
1133,Bad
1134,Bad
1135,Good
1136,Bad
1137,Bad
1138,Bad
1139,Bad
1140,Bad
1141,Bad
1142,Average
1143,Average
1144,Bad
1145,Average
1146,Bad
1147,Average
1148,Average
1149,Average
1150,Bad
1151,Bad
1152,Average
1153,Bad
1154,Average
1155,Bad
1156,Bad
1157,Good
1158,Bad
1159,Average
1160,Bad
1161,Bad
1162,Bad
1163,Good
1164,Bad
1165,Bad
1166,Bad
1167,Good
1168,Average
1169,Bad
1170,Average
1171,Bad
1172,Bad
1173,Average
1174,Bad
1175,Bad
1176,Good
1177,Bad
1178,Bad
1179,Bad
1180,Bad
1181,Average
1182,Bad
1183,Bad
1184,Bad
1185,Bad
1186,Bad
1187,Great
1188,Average
1189,Bad
1190,Bad
1191,Bad
1192,Bad
1193,Average
1194,Average
1195,Good
1196,Bad
1197,Good
1198,Bad
1199,Average
1200,Average
1201,Bad
1202,Good
1203,Good
1204,Good
1205,Bad
1206,Bad
1207,Bad
1208,Bad
1209,Average
1210,Bad
1211,Great
1212,Bad
1213,Bad
1214,Average
1215,Bad
1216,Bad
1217,Good
1218,Bad
1219,Bad
1220,Bad
1221,Bad
1222,Average
1223,Bad
1224,Bad
1225,Bad
1226,Bad
1227,Bad
1228,Bad
1229,Bad
1230,Bad
1231,Bad
1232,Good
1233,Bad
1234,Bad
1235,Average
1236,Bad
1237,Bad
1238,Bad
1239,Bad
1240,Average
1241,Average
1242,Bad
1243,Great
1244,Average
1245,Bad
1246,Great
1247,Bad
1248,Bad
1249,Bad
1250,Bad
1251,Bad
1252,Bad
1253,Bad
1254,Good
1255,Bad
1256,Average
1257,Bad
1258,Bad
1259,Bad
1260,Great
1261,Bad
1262,Great
1263,Bad
1264,Bad
1265,Bad
1266,Bad
1267,Average
1268,Bad
1269,Bad
1270,Average
1271,Bad
1272,Average
1273,Bad
1274,Good
1275,Good
1276,Average
1277,Bad
1278,Great
1279,Bad
1280,Average
1281,Average
1282,Bad
1283,Bad
1284,Bad
1285,Bad
1286,Average
1287,Bad
1288,Average
1289,Average
1290,Bad
1291,Average
1292,Good
1293,Bad
1294,Bad
1295,Average
1296,Great
1297,Average
1298,Bad
1299,Average
1300,Bad
1301,Bad
1302,Bad
1303,Average
1304,Bad
1305,Bad
1306,Average
1307,Bad
1308,Average
1309,Bad
1310,Bad
1311,Bad
1312,Bad
1313,Average
1314,Average
1315,Bad
1316,Bad
1317,Average
1318,Bad
1319,Bad
1320,Average
1321,Bad
1322,Good
1323,Bad
1324,Good
1325,Bad
1326,Average
1327,Bad
1328,Bad
1329,Bad
1330,Bad
1331,Bad
1332,Average
1333,Bad
1334,Bad
1335,Bad
1336,Average
1337,Bad
1338,Bad
1339,Average
1340,Bad
1341,Bad
1342,Good
1343,Average
1344,Bad
1345,Bad
1346,Bad
1347,Bad
1348,Bad
1349,Bad
1350,Bad
1351,Good
1352,Bad
1353,Bad
1354,Bad
1355,Bad
1356,Average
1357,Great
1358,Average
1359,Bad
1360,Bad
1361,Bad
1362,Good
1363,Good
1364,Bad
1365,Bad
1366,Bad
1367,Bad
1368,Bad
1369,Good
1370,Good
1371,Bad
1372,Bad
1373,Bad
1374,Average
1375,Bad
1376,Bad
1377,Average
1378,Bad
1379,Average
1380,Good
1381,Average
1382,Average
1383,Bad
1384,Great
1385,Average
1386,Bad
1387,Bad
1388,Bad
1389,Great
1390,Bad
1391,Bad
1392,Average
1393,Average
1394,Average
1395,Bad
1396,Bad
1397,Bad
1398,Average
1399,Average
1400,Average
1401,Average
1402,Bad
1403,Average
1404,Great
1405,Bad
1406,Bad
1407,Great
1408,Average
1409,Bad
1410,Average
1411,Bad
1412,Good
1413,Bad
1414,Bad
1415,Bad
1416,Average
1417,Average
1418,Average
1419,Average
1420,Good
1421,Average
1422,Average
1423,Bad
1424,Bad
1425,Good
1426,Bad
1427,Bad
1428,Bad
1429,Bad
1430,Bad
1431,Average
1432,Good
1433,Average
1434,Bad
1435,Good
1436,Average
1437,Bad
1438,Bad
1439,Bad
1440,Bad
1441,Bad
1442,Good
1443,Bad
1444,Bad
1445,Bad
1446,Bad
1447,Bad
1448,Average
1449,Bad
1450,Average
1451,Bad
1452,Bad
1453,Great
1454,Average
1455,Bad
1456,Bad
1457,Bad
1458,Bad
1459,Bad
1460,Average
1461,Bad
1462,Bad
1463,Great
1464,Bad
1465,Bad
1466,Bad
1467,Average
1468,Average
1469,Bad
1470,Bad
1471,Bad
1472,Bad
1473,Bad
1474,Average
1475,Great
1476,Bad
1477,Bad
1478,Bad
1479,Average
1480,Average
1481,Bad
1482,Bad
1483,Average
1484,Average
1485,Bad
1486,Bad
1487,Bad
1488,Bad
1489,Bad
1490,Bad
1491,Bad
1492,Average
1493,Bad
1494,Great
1495,Bad
1496,Average
1497,Great
1498,Bad
1499,Average
1500,Good
1501,Average
1502,Bad
1503,Bad
1504,Great
1505,Bad
1506,Average
1507,Bad
1508,Average
1509,Good
1510,Bad
1511,Bad
1512,Average
1513,Average
1514,Bad
1515,Bad
1516,Bad
1517,Bad
1518,Bad
1519,Average
1520,Great
1521,Average
1522,Average
1523,Good
1524,Average
1525,Average
1526,Average
1527,Bad
1528,Bad
1529,Average
1530,Great
1531,Great
1532,Bad
1533,Bad
1534,Average
1535,Great
1536,Bad
1537,Average
1538,Bad
1539,Bad
1540,Bad
1541,Bad
1542,Bad
1543,Bad
1544,Average
1545,Average
1546,Bad
1547,Average
1548,Bad
1549,Average
1550,Good
1551,Bad
1552,Average
1553,Bad
1554,Bad
1555,Bad
1556,Bad
1557,Average
1558,Average
1559,Good
1560,Bad
1561,Bad
1562,Bad
1563,Average
1564,Bad
1565,Bad
1566,Average
1567,Good
1568,Bad
1569,Bad
1570,Great
1571,Good
1572,Bad
1573,Bad
1574,Bad
1575,Bad
1576,Great
1577,Bad
1578,Bad
1579,Average
1580,Bad
1581,Bad
1582,Bad
1583,Good
1584,Average
1585,Bad
1586,Bad
1587,Average
1588,Bad
1589,Bad
1590,Bad
1591,Bad
1592,Bad
1593,Bad
1594,Average
1595,Bad
1596,Bad
1597,Bad
1598,Good
1599,Bad
1600,Average
1601,Bad
1602,Bad
1603,Bad
1604,Bad
1605,Great
1606,Good
1607,Average
1608,Good
1609,Bad
1610,Average
1611,Good
1612,Bad
1613,Bad
1614,Bad
1615,Average
1616,Bad
1617,Bad
1618,Good
1619,Bad
1620,Bad
1621,Bad
1622,Good
1623,Good
1624,Bad
1625,Bad
1626,Great
1627,Bad
1628,Average
1629,Great
1630,Bad
1631,Good
1632,Bad
1633,Bad
1634,Bad
1635,Average
1636,Bad
1637,Bad
1638,Bad
1639,Bad
1640,Average
1641,Bad
1642,Bad
1643,Great
1644,Bad
1645,Bad
1646,Average
1647,Bad
1648,Bad
1649,Bad
1650,Bad
1651,Good
1652,Bad
1653,Average
1654,Average
1655,Average
1656,Bad
1657,Bad
1658,Bad
1659,Bad
1660,Bad
1661,Bad
1662,Average
1663,Bad
1664,Bad
1665,Bad
1666,Great
1667,Bad
1668,Bad
1669,Good
1670,Average
1671,Bad
1672,Bad
1673,Bad
1674,Bad
1675,Bad
1676,Bad
1677,Bad
1678,Average
1679,Bad
1680,Bad
1681,Bad
1682,Good
1683,Bad
1684,Bad
1685,Bad
1686,Average
1687,Bad
1688,Bad
1689,Bad
1690,Bad
1691,Bad
1692,Great
1693,Average
1694,Bad
1695,Great
1696,Bad
1697,Bad
1698,Bad
1699,Bad
1700,Bad
1701,Average
1702,Bad
1703,Bad
1704,Bad
1705,Average
1706,Average
1707,Bad
1708,Bad
1709,Bad
1710,Bad
1711,Average
1712,Bad
1713,Bad
1714,Good
1715,Bad
1716,Bad
1717,Average
1718,Bad
1719,Bad
1720,Average
1721,Bad
1722,Average
1723,Average
1724,Average
1725,Average
1726,Good
1727,Average
1728,Bad
1729,Bad
1730,Bad
1731,Bad
1732,Good
1733,Average
1734,Average
1735,Bad
1736,Average
1737,Average
1738,Bad
1739,Great
1740,Bad
1741,Bad
1742,Average
1743,Bad
1744,Good
1745,Great
1746,Bad
1747,Bad
1748,Bad
1749,Bad
1750,Bad
1751,Bad
1752,Bad
1753,Bad
1754,Bad
1755,Bad
1756,Bad
1757,Good
1758,Average
1759,Great
1760,Great
1761,Average
1762,Average
1763,Bad
1764,Average
1765,Average
1766,Bad
1767,Average
1768,Bad
1769,Good
1770,Bad
1771,Good
1772,Average
1773,Great
1774,Bad
1775,Bad
1776,Bad
1777,Good
1778,Bad
1779,Good
1780,Average
1781,Average
1782,Great
1783,Average
1784,Bad
1785,Bad
1786,Great
1787,Bad
1788,Average
1789,Bad
1790,Bad
1791,Good
1792,Average
1793,Good
1794,Average
1795,Bad
1796,Bad
1797,Bad
1798,Good
1799,Bad
1800,Good
1801,Bad
1802,Bad
1803,Average
1804,Bad
1805,Bad
1806,Bad
1807,Bad
1808,Good
1809,Great
1810,Bad
1811,Great
1812,Average
1813,Bad
1814,Good
1815,Bad
1816,Bad
1817,Average
1818,Good
1819,Average
1820,Bad
1821,Average
1822,Average
1823,Bad
1824,Good
1825,Average
1826,Good
1827,Good
1828,Great
1829,Good
1830,Bad
1831,Average
1832,Bad
1833,Bad
1834,Bad
1835,Great
1836,Great
1837,Bad
1838,Bad
1839,Bad
1840,Bad
1841,Bad
1842,Bad
1843,Average
1844,Bad
1845,Bad
1846,Bad
1847,Good
1848,Bad
1849,Bad
1850,Bad
1851,Good
1852,Bad
1853,Bad
1854,Average
1855,Bad
1856,Bad
1857,Bad
1858,Average
1859,Average
1860,Average
1861,Average
1862,Average
1863,Average
1864,Bad
1865,Average
1866,Bad
1867,Great
1868,Bad
1869,Bad
1870,Good
1871,Bad
1872,Bad
1873,Average
1874,Average
1875,Bad
1876,Bad
1877,Average
1878,Bad
1879,Good
1880,Average
1881,Bad
1882,Great
1883,Bad
1884,Bad
1885,Bad
1886,Average
1887,Bad
1888,Bad
1889,Bad
1890,Average
1891,Good
1892,Bad
1893,Bad
1894,Bad
1895,Bad
1896,Average
1897,Average
1898,Good
1899,Great
1900,Bad
1901,Bad
1902,Average
1903,Bad
1904,Average
1905,Average
1906,Bad
1907,Good
1908,Average
1909,Average
1910,Bad
1911,Average
1912,Average
1913,Great
1914,Great
1915,Average
1916,Bad
1917,Bad
1918,Average
1919,Average
1920,Bad
1921,Average
1922,Average
1923,Bad
1924,Bad
1925,Average
1926,Average
1927,Bad
1928,Bad
1929,Good
1930,Bad
1931,Bad
1932,Bad
1933,Good
1934,Average
1935,Bad
1936,Bad
1937,Good
1938,Bad
1939,Average
1940,Average
1941,Bad
1942,Average
1943,Average
1944,Average
1945,Bad
1946,Average
1947,Bad
1948,Bad
1949,Bad
1950,Good
1951,Good
1952,Bad
1953,Bad
1954,Bad
1955,Bad
1956,Average
1957,Great
1958,Average
1959,Bad
1960,Bad
1961,Bad
1962,Great
1963,Good
1964,Average
1965,Average
1966,Bad
1967,Bad
1968,Bad
1969,Average
1970,Average
1971,Bad
1972,Great
1973,Bad
1974,Bad
1975,Average
1976,Bad
1977,Bad
1978,Bad
1979,Average
1980,Bad
1981,Good
1982,Bad
1983,Bad
1984,Bad
1985,Bad
1986,Bad
1987,Bad
1988,Bad
1989,Bad
1990,Great
1991,Bad
1992,Average
1993,Bad
1994,Bad
1995,Average
1996,Bad
1997,Bad
1998,Bad
1999,Average
2000,Bad
2001,Average
2002,Bad
2003,Good
2004,Bad
2005,Average
2006,Average
2007,Bad
2008,Bad
2009,Average
2010,Good
2011,Bad
2012,Bad
2013,Bad
2014,Bad
2015,Good
2016,Good
2017,Bad
2018,Average
2019,Good
2020,Average
2021,Average
2022,Bad
2023,Average
2024,Average
2025,Bad
2026,Bad
2027,Average
2028,Average
2029,Bad
2030,Bad
2031,Good
2032,Bad
2033,Great
2034,Average
2035,Average
2036,Bad
2037,Bad
2038,Good
2039,Average
2040,Bad
2041,Bad
2042,Bad
2043,Bad
2044,Bad
2045,Good
2046,Average
2047,Bad
2048,Average
2049,Bad
2050,Average
2051,Bad
2052,Bad
2053,Bad
2054,Bad
2055,Bad
2056,Bad
2057,Bad
2058,Good
2059,Bad
2060,Bad
2061,Bad
2062,Average
2063,Average
2064,Good
2065,Bad
2066,Average
2067,Bad
2068,Bad
2069,Average
2070,Bad
2071,Bad
2072,Bad
2073,Bad
2074,Bad
2075,Bad
2076,Bad
2077,Bad
2078,Bad
2079,Average
2080,Bad
2081,Great
2082,Average
2083,Bad
2084,Bad
2085,Bad
2086,Bad
2087,Average
2088,Great
2089,Good
2090,Bad
2091,Bad
2092,Average
2093,Bad
2094,Average
2095,Average
2096,Average
2097,Good
2098,Bad
2099,Bad
2100,Average
2101,Bad
2102,Bad
2103,Bad
2104,Bad
2105,Good
2106,Average
2107,Good
2108,Bad
2109,Good
2110,Bad
2111,Average
2112,Good
2113,Good
2114,Bad
2115,Bad
2116,Bad
2117,Average
2118,Good
2119,Bad
2120,Average
2121,Average
2122,Bad
2123,Bad
2124,Bad
2125,Average
2126,Bad
2127,Bad
2128,Bad
2129,Bad
2130,Average
2131,Bad
2132,Average
2133,Bad
2134,Average
2135,Bad
2136,Bad
2137,Bad
2138,Bad
2139,Average
2140,Bad
2141,Good
2142,Average
2143,Bad
2144,Bad
2145,Bad
2146,Average
2147,Average
2148,Bad
2149,Bad
2150,Bad
2151,Good
2152,Bad
2153,Bad
2154,Average
2155,Great
2156,Bad
2157,Average
2158,Good
2159,Great
2160,Bad
2161,Bad
2162,Bad
2163,Bad
2164,Good
2165,Average
2166,Bad
2167,Good
2168,Bad
2169,Average
2170,Average
2171,Bad
2172,Average
2173,Good
2174,Good
2175,Average
2176,Average
2177,Bad
2178,Average
2179,Bad
2180,Bad
2181,Average
2182,Bad
2183,Bad
2184,Average
2185,Bad
2186,Bad
2187,Bad
2188,Bad
2189,Bad
2190,Bad
2191,Bad
2192,Good
2193,Bad
2194,Good
2195,Bad
2196,Average
2197,Average
2198,Bad
2199,Average
2200,Bad
2201,Bad
2202,Average
2203,Bad
2204,Average
2205,Good
2206,Average
2207,Good
2208,Bad
2209,Bad
2210,Bad
2211,Great
2212,Good
2213,Bad
2214,Average
2215,Bad
2216,Bad
2217,Bad
2218,Bad
2219,Bad
2220,Average
2221,Bad
2222,Average
2223,Average
2224,Bad
2225,Bad
2226,Great
2227,Bad
2228,Good
2229,Bad
2230,Bad
2231,Bad
2232,Bad
2233,Bad
2234,Bad
2235,Bad
2236,Bad
2237,Bad
2238,Bad
2239,Average
2240,Bad
2241,Average
2242,Bad
2243,Bad
2244,Average
2245,Average
2246,Bad
2247,Bad
2248,Bad
2249,Good
2250,Average
2251,Average
2252,Bad
2253,Bad
2254,Bad
2255,Good
2256,Bad
2257,Bad
2258,Bad
2259,Great
2260,Average
2261,Bad
2262,Bad
2263,Bad
2264,Good
2265,Great
2266,Average
2267,Bad
2268,Average
2269,Bad
2270,Good
2271,Average
2272,Average
2273,Bad
2274,Average
2275,Bad
2276,Bad
2277,Bad
2278,Bad
2279,Bad
2280,Bad
2281,Bad
2282,Bad
2283,Bad
2284,Average
2285,Bad
2286,Bad
2287,Bad
2288,Good
2289,Good
2290,Bad
2291,Bad
2292,Bad
2293,Bad
2294,Bad
2295,Average
2296,Average
2297,Bad
2298,Bad
2299,Good
2300,Bad
2301,Average
2302,Bad
2303,Great
2304,Bad
2305,Good
2306,Bad
2307,Average
2308,Bad
2309,Bad
2310,Bad
2311,Bad
2312,Bad
2313,Bad
2314,Average
2315,Average
2316,Bad
2317,Good
2318,Bad
2319,Bad
2320,Bad
2321,Bad
2322,Good
2323,Great
2324,Bad
2325,Bad
2326,Average
2327,Bad
2328,Bad
2329,Bad
2330,Bad
2331,Average
2332,Average
2333,Bad
2334,Bad
2335,Bad
2336,Average
2337,Good
2338,Bad
2339,Average
2340,Good
2341,Good
2342,Good
2343,Bad
2344,Bad
2345,Bad
2346,Great
2347,Bad
2348,Bad
2349,Bad
2350,Average
2351,Bad
2352,Bad
2353,Average
2354,Good
2355,Bad
2356,Great
2357,Bad
2358,Bad
2359,Great
2360,Average
2361,Average
2362,Bad
2363,Average
2364,Average
2365,Bad
2366,Average
2367,Average
2368,Good
2369,Bad
2370,Bad
2371,Average
2372,Bad
2373,Great
2374,Bad
2375,Good
2376,Average
2377,Bad
2378,Average
2379,Average
2380,Bad
2381,Bad
2382,Good
2383,Bad
2384,Bad
2385,Bad
2386,Good
2387,Bad
2388,Bad
2389,Bad
2390,Bad
2391,Average
2392,Bad
2393,Average
2394,Bad
2395,Bad
2396,Bad
2397,Bad
2398,Good
2399,Great
2400,Bad
2401,Average
2402,Great
2403,Average
2404,Bad
2405,Bad
2406,Bad
2407,Bad
2408,Bad
2409,Bad
2410,Bad
2411,Average
2412,Bad
2413,Great
2414,Average
2415,Good
2416,Bad
2417,Average
2418,Average
2419,Average
2420,Bad
2421,Bad
2422,Bad
2423,Bad
2424,Good
2425,Good
2426,Bad
2427,Bad
2428,Bad
2429,Bad
2430,Average
2431,Great
2432,Bad
2433,Great
2434,Bad
2435,Bad
2436,Bad
2437,Bad
2438,Bad
2439,Bad
2440,Bad
2441,Good
2442,Good
2443,Great
2444,Bad
2445,Bad
2446,Bad
2447,Average
2448,Bad
2449,Bad
2450,Average
2451,Bad
2452,Bad
2453,Average
2454,Great
2455,Average
2456,Bad
2457,Bad
2458,Bad
2459,Bad
2460,Bad
2461,Good
2462,Good
2463,Bad
2464,Bad
2465,Great
2466,Bad
2467,Great
2468,Bad
2469,Average
2470,Bad
2471,Bad
2472,Bad
2473,Bad
2474,Average
2475,Average
2476,Bad
2477,Bad
2478,Good
2479,Average
2480,Bad
2481,Average
2482,Bad
2483,Bad
2484,Average
2485,Average
2486,Average
2487,Average
2488,Great
2489,Bad
2490,Average
2491,Bad
2492,Average
2493,Bad
2494,Bad
2495,Bad
2496,Bad
2497,Average
2498,Bad
2499,Good
2500,Bad
2501,Bad
2502,Bad
2503,Bad
2504,Good
2505,Average
2506,Bad
2507,Average
2508,Bad
2509,Bad
2510,Average
2511,Bad
2512,Good
2513,Bad
2514,Average
2515,Bad
2516,Bad
2517,Bad
2518,Average
2519,Great
2520,Average
2521,Average
2522,Bad
2523,Great
2524,Bad
2525,Bad
2526,Bad
2527,Bad
2528,Bad
2529,Great
2530,Bad
2531,Bad
2532,Great
2533,Average
2534,Bad
2535,Bad
2536,Bad
2537,Bad
2538,Bad
2539,Bad
2540,Average
2541,Bad
2542,Good
2543,Bad
2544,Average
2545,Bad
2546,Bad
2547,Good
2548,Good
2549,Great
2550,Bad
2551,Good
2552,Bad
2553,Bad
2554,Average
2555,Good
2556,Bad
2557,Good
2558,Average
2559,Bad
2560,Average
2561,Bad
2562,Bad
2563,Bad
2564,Bad
2565,Good
2566,Great
2567,Bad
2568,Average
2569,Bad
2570,Bad
2571,Bad
2572,Bad
2573,Bad
2574,Bad
2575,Average
2576,Bad
2577,Bad
2578,Good
2579,Average
2580,Average
2581,Average
2582,Good
2583,Bad
2584,Bad
2585,Average
2586,Good
2587,Bad
2588,Bad
2589,Good
2590,Bad
2591,Bad
2592,Good
2593,Bad
2594,Bad
2595,Bad
2596,Bad
2597,Average
2598,Average
2599,Bad
2600,Average
2601,Bad
2602,Bad
2603,Bad
2604,Average
2605,Bad
2606,Bad
2607,Bad
2608,Bad
2609,Good
2610,Good
2611,Average
2612,Average
2613,Bad
2614,Average
2615,Average
2616,Bad
2617,Bad
2618,Bad
2619,Average
2620,Bad
2621,Bad
2622,Bad
2623,Bad
2624,Good
2625,Average
2626,Good
2627,Average
2628,Bad
2629,Good
2630,Bad
2631,Good
2632,Average
2633,Average
2634,Bad
2635,Bad
2636,Bad
2637,Bad
2638,Bad
2639,Bad
2640,Bad
2641,Good
2642,Bad
2643,Bad
2644,Bad
2645,Bad
2646,Bad
2647,Average
2648,Good
2649,Good
2650,Bad
2651,Bad
2652,Average
2653,Average
2654,Average
2655,Bad
2656,Average
2657,Bad
2658,Bad
2659,Bad
2660,Average
2661,Bad
2662,Bad
2663,Bad
2664,Bad
2665,Bad
2666,Bad
2667,Bad
2668,Bad
2669,Bad
2670,Bad
2671,Bad
2672,Bad
2673,Good
2674,Bad
2675,Average
2676,Bad
2677,Bad
2678,Bad
2679,Bad
2680,Bad
2681,Bad
2682,Bad
2683,Bad
2684,Bad
2685,Bad
2686,Bad
2687,Bad
2688,Average
2689,Bad
2690,Great
2691,Good
2692,Good
2693,Good
2694,Average
2695,Bad
2696,Bad
2697,Bad
2698,Average
2699,Average
2700,Bad
2701,Bad
2702,Bad
2703,Bad
2704,Bad
2705,Average
2706,Bad
2707,Average
2708,Bad
2709,Average
2710,Bad
2711,Average
2712,Average
2713,Bad
2714,Average
2715,Average
2716,Good
2717,Bad
2718,Bad
2719,Bad
2720,Bad
2721,Good
2722,Average
2723,Good
2724,Bad
2725,Bad
2726,Average
2727,Bad
2728,Bad
2729,Bad
2730,Bad
2731,Great
2732,Bad
2733,Bad
2734,Bad
2735,Bad
2736,Bad
2737,Bad
2738,Bad
2739,Good
2740,Average
2741,Good
2742,Bad
2743,Bad
2744,Bad
2745,Average
2746,Bad
2747,Bad
2748,Bad
2749,Bad
2750,Bad
2751,Bad
2752,Average
2753,Average
2754,Bad
2755,Average
2756,Bad
2757,Bad
2758,Bad
2759,Average
2760,Bad
2761,Bad
2762,Bad
2763,Bad
2764,Bad
2765,Bad
2766,Bad
2767,Average
2768,Bad
2769,Average
2770,Average
2771,Average
2772,Bad
2773,Bad
2774,Bad
2775,Bad
2776,Average
2777,Bad
2778,Bad
2779,Average
2780,Bad
2781,Bad
2782,Average
2783,Average
2784,Bad
2785,Average
2786,Bad
2787,Good
2788,Bad
2789,Good
2790,Bad
2791,Bad
2792,Bad
2793,Bad
2794,Bad
2795,Great
2796,Bad
2797,Bad
2798,Bad
2799,Bad
2800,Bad
2801,Average
2802,Bad
2803,Bad
2804,Bad
2805,Good
2806,Good
2807,Bad
2808,Bad
2809,Bad
2810,Bad
2811,Bad
2812,Bad
2813,Bad
2814,Bad
2815,Average
2816,Bad
2817,Bad
2818,Bad
2819,Average
2820,Bad
2821,Bad
2822,Bad
2823,Bad
2824,Average
2825,Bad
2826,Bad
2827,Average
2828,Average
2829,Good
2830,Average
2831,Bad
2832,Average
2833,Good
2834,Bad
2835,Bad
2836,Bad
2837,Average
2838,Bad
2839,Bad
2840,Average
2841,Bad
2842,Bad
2843,Good
2844,Bad
2845,Bad
2846,Great
2847,Good
2848,Average
2849,Average
2850,Good
2851,Good
2852,Good
2853,Bad
2854,Great
2855,Bad
2856,Bad
2857,Bad
2858,Bad
2859,Bad
2860,Average
2861,Bad
2862,Good
2863,Bad
2864,Bad
2865,Bad
2866,Bad
2867,Bad
2868,Bad
2869,Bad
2870,Bad
2871,Bad
2872,Average
2873,Bad
2874,Good
2875,Good
2876,Bad
2877,Average
2878,Bad
2879,Bad
2880,Bad
2881,Bad
2882,Good
2883,Bad
2884,Great
2885,Bad
2886,Bad
2887,Bad
2888,Bad
2889,Average
2890,Average
2891,Bad
2892,Great
2893,Bad
2894,Average
2895,Bad
2896,Bad
2897,Bad
2898,Bad
2899,Good
2900,Average
2901,Average
2902,Average
2903,Bad
2904,Bad
2905,Average
2906,Bad
2907,Bad
2908,Average
2909,Average
2910,Average
2911,Good
2912,Bad
2913,Bad
2914,Bad
2915,Bad
2916,Bad
2917,Bad
2918,Bad
2919,Bad
2920,Bad
2921,Bad
2922,Bad
2923,Bad
2924,Bad
2925,Bad
2926,Bad
2927,Bad
2928,Bad
2929,Bad
2930,Bad
2931,Average
2932,Average
2933,Bad
2934,Bad
2935,Average
2936,Bad
2937,Bad
2938,Average
2939,Average
2940,Bad
2941,Bad
2942,Bad
2943,Bad
2944,Average
2945,Bad
2946,Bad
2947,Good
2948,Average
2949,Bad
2950,Bad
2951,Average
2952,Average
2953,Bad
2954,Bad
2955,Bad
2956,Bad
2957,Bad
2958,Bad
2959,Good
2960,Good
2961,Bad
2962,Bad
2963,Bad
2964,Bad
2965,Average
2966,Bad
2967,Great
2968,Bad
2969,Average
2970,Good
2971,Great
2972,Bad
2973,Bad
2974,Average
2975,Bad
2976,Average
2977,Good
2978,Average
2979,Bad
2980,Good
2981,Bad
2982,Good
2983,Bad
2984,Bad
2985,Bad
2986,Average
2987,Average
2988,Average
2989,Good
2990,Average
2991,Average
2992,Bad
2993,Bad
2994,Great
2995,Bad
2996,Bad
2997,Bad
2998,Average
2999,Average
3000,Average
3001,Bad
3002,Bad
3003,Average
3004,Bad
3005,Bad
3006,Average
3007,Average
3008,Average
3009,Great
3010,Bad
3011,Bad
3012,Bad
3013,Bad
3014,Average
3015,Great
3016,Average
3017,Average
3018,Bad
3019,Average
3020,Bad
3021,Bad
3022,Great
3023,Bad
3024,Average
3025,Bad
3026,Average
3027,Bad
3028,Average
3029,Average
3030,Bad
3031,Average
3032,Bad
3033,Bad
3034,Bad
3035,Average
3036,Bad
3037,Bad
3038,Average
3039,Bad
3040,Bad
3041,Average
3042,Bad
3043,Bad
3044,Bad
3045,Bad
3046,Bad
3047,Average
3048,Average
3049,Average
3050,Bad
3051,Bad
3052,Average
3053,Average
3054,Bad
3055,Bad
3056,Bad
3057,Average
3058,Bad
3059,Bad
3060,Average
3061,Bad
3062,Great
3063,Bad
3064,Average
3065,Bad
3066,Bad
3067,Bad
3068,Bad
3069,Bad
3070,Good
3071,Bad
3072,Average
3073,Bad
3074,Average
3075,Average
3076,Average
3077,Average
3078,Bad
3079,Bad
3080,Bad
3081,Bad
3082,Average
3083,Average
3084,Bad
3085,Bad
3086,Bad
3087,Average
3088,Bad
3089,Bad
3090,Bad
3091,Bad
3092,Bad
3093,Great
3094,Average
3095,Bad
3096,Average
3097,Bad
3098,Bad
3099,Average
3100,Bad
3101,Bad
3102,Bad
3103,Bad
3104,Average
3105,Bad
3106,Bad
3107,Great
3108,Bad
3109,Average
3110,Average
3111,Bad
3112,Bad
3113,Average
3114,Average
3115,Bad
3116,Bad
3117,Good
3118,Bad
3119,Average
3120,Bad
3121,Good
3122,Good
3123,Bad
3124,Average
3125,Good
3126,Great
3127,Bad
3128,Great
3129,Bad
3130,Average
3131,Bad
3132,Average
3133,Good
3134,Average
3135,Bad
3136,Average
3137,Great
3138,Average
3139,Bad
3140,Average
3141,Good
3142,Great
3143,Bad
3144,Average
3145,Average
3146,Bad
3147,Bad
3148,Average
3149,Bad
3150,Bad
3151,Bad
3152,Bad
3153,Bad
3154,Good
3155,Bad
3156,Good
3157,Bad
3158,Bad
3159,Bad
3160,Bad
3161,Bad
3162,Good
3163,Bad
3164,Bad
3165,Average
3166,Bad
3167,Bad
3168,Good
3169,Bad
3170,Average
3171,Good
3172,Bad
3173,Good
3174,Bad
3175,Average
3176,Bad
3177,Bad
3178,Bad
3179,Bad
3180,Bad
3181,Bad
3182,Bad
3183,Good
3184,Good
3185,Average
3186,Bad
3187,Bad
3188,Average
3189,Bad
3190,Bad
3191,Bad
3192,Bad
3193,Good
3194,Average
3195,Average
3196,Bad
3197,Great
3198,Good
3199,Great
3200,Bad
3201,Bad
3202,Average
3203,Bad
3204,Average
3205,Bad
3206,Bad
3207,Bad
3208,Average
3209,Bad
3210,Average
3211,Bad
3212,Bad
3213,Bad
3214,Average
3215,Good
3216,Bad
3217,Average
3218,Bad
3219,Average
3220,Bad
3221,Bad
3222,Bad
3223,Bad
3224,Bad
3225,Average
3226,Average
3227,Good
3228,Bad
3229,Good
3230,Average
3231,Bad
3232,Average
3233,Bad
3234,Bad
3235,Bad
3236,Bad
3237,Bad
3238,Bad
3239,Average
3240,Bad
3241,Bad
3242,Average
3243,Bad
3244,Bad
3245,Bad
3246,Bad
3247,Bad
3248,Bad
3249,Average
3250,Average
3251,Bad
3252,Average
3253,Good
3254,Average
3255,Bad
3256,Good
3257,Average
3258,Good
3259,Bad
3260,Average
3261,Good
3262,Bad
3263,Bad
3264,Average
3265,Average
3266,Bad
3267,Good
3268,Average
3269,Good
3270,Bad
3271,Great
3272,Average
3273,Average
3274,Good
3275,Bad
3276,Bad
3277,Bad
3278,Bad
3279,Bad
3280,Bad
3281,Bad
3282,Bad
3283,Bad
3284,Average
3285,Bad
3286,Bad
3287,Bad
3288,Average
3289,Bad
3290,Bad
3291,Bad
3292,Bad
3293,Great
3294,Bad
3295,Bad
3296,Good
3297,Average
3298,Good
3299,Bad
3300,Average
3301,Good
3302,Bad
3303,Bad
3304,Bad
3305,Great
3306,Great
3307,Average
3308,Bad
3309,Average
3310,Bad
3311,Bad
3312,Average
3313,Average
3314,Bad
3315,Bad
3316,Bad
3317,Bad
3318,Average
3319,Great
3320,Bad
3321,Bad
3322,Good
3323,Bad
3324,Great
3325,Bad
3326,Bad
3327,Average
3328,Bad
3329,Bad
3330,Bad
3331,Bad
3332,Bad
3333,Great
3334,Great
3335,Bad
3336,Average
3337,Average
3338,Average
3339,Bad
3340,Average
3341,Bad
3342,Bad
3343,Average
3344,Bad
3345,Bad
3346,Good
3347,Bad
3348,Bad
3349,Bad
3350,Average
3351,Average
3352,Average
3353,Average
3354,Average
3355,Bad
3356,Great
3357,Average
3358,Bad
3359,Average
3360,Bad
3361,Bad
3362,Bad
3363,Average
3364,Bad
3365,Bad
3366,Bad
3367,Bad
3368,Average
3369,Average
3370,Bad
3371,Good
3372,Bad
3373,Bad
3374,Bad
3375,Bad
3376,Good
3377,Bad
3378,Bad
3379,Bad
3380,Bad
3381,Bad
3382,Good
3383,Average
3384,Good
3385,Bad
3386,Bad
3387,Good
3388,Average
3389,Bad
3390,Bad
3391,Bad
3392,Bad
3393,Bad
3394,Bad
3395,Average
3396,Average
3397,Bad
3398,Bad
3399,Bad
3400,Bad
3401,Bad
3402,Bad
3403,Average
3404,Bad
3405,Average
3406,Good
3407,Bad
3408,Bad
3409,Bad
3410,Bad
3411,Good
3412,Great
3413,Good
3414,Bad
3415,Average
3416,Bad
3417,Good
3418,Bad
3419,Bad
3420,Bad
3421,Average
3422,Great
3423,Average
3424,Bad
3425,Good
3426,Bad
3427,Average
3428,Great
3429,Bad
3430,Bad
3431,Bad
3432,Bad
3433,Bad
3434,Bad
3435,Bad
3436,Average
3437,Bad
3438,Average
3439,Average
3440,Bad
3441,Bad
3442,Average
3443,Bad
3444,Good
3445,Bad
3446,Bad
3447,Bad
3448,Bad
3449,Average
3450,Bad
3451,Average
3452,Bad
3453,Bad
3454,Bad
3455,Bad
3456,Great
3457,Bad
3458,Average
3459,Great
3460,Bad
3461,Average
3462,Bad
3463,Bad
3464,Bad
3465,Bad
3466,Bad
3467,Average
3468,Average
3469,Bad
3470,Bad
3471,Bad
3472,Bad
3473,Bad
3474,Bad
3475,Bad
3476,Average
3477,Bad
3478,Good
3479,Bad
3480,Average
3481,Bad
3482,Bad
3483,Bad
3484,Bad
3485,Bad
3486,Bad
3487,Average
3488,Bad
3489,Bad
3490,Bad
3491,Average
3492,Bad
3493,Bad
3494,Bad
3495,Bad
3496,Bad
3497,Bad
3498,Great
3499,Bad
3500,Bad
3501,Bad
3502,Bad
3503,Bad
3504,Bad
3505,Bad
3506,Bad
3507,Bad
3508,Bad
3509,Bad
3510,Good
3511,Bad
3512,Average
3513,Great
3514,Average
3515,Great
3516,Average
3517,Bad
3518,Bad
3519,Bad
3520,Bad
3521,Good
3522,Great
3523,Good
3524,Bad
3525,Good
3526,Bad
3527,Average
3528,Bad
3529,Bad
3530,Average
3531,Good
3532,Bad
3533,Bad
3534,Bad
3535,Average
3536,Bad
3537,Bad
3538,Bad
3539,Bad
3540,Average
3541,Bad
3542,Bad
3543,Bad
3544,Average
3545,Good
3546,Good
3547,Bad
3548,Bad
3549,Bad
3550,Average
3551,Bad
3552,Bad
3553,Bad
3554,Average
3555,Bad
3556,Average
3557,Average
3558,Bad
3559,Bad
3560,Bad
3561,Average
3562,Bad
3563,Bad
3564,Bad
3565,Bad
3566,Average
3567,Bad
3568,Average
3569,Bad
3570,Average
3571,Bad
3572,Bad
3573,Bad
3574,Average
3575,Bad
3576,Bad
3577,Bad
3578,Average
3579,Bad
3580,Average
3581,Bad
3582,Bad
3583,Good
3584,Bad
3585,Good
3586,Average
3587,Bad
3588,Bad
3589,Good
3590,Average
3591,Bad
3592,Average
3593,Bad
3594,Average
3595,Average
3596,Bad
3597,Great
3598,Average
3599,Bad
3600,Bad
3601,Bad
3602,Bad
3603,Bad
3604,Bad
3605,Average
3606,Bad
3607,Average
3608,Bad
3609,Average
3610,Bad
3611,Bad
3612,Bad
3613,Bad
3614,Average
3615,Average
3616,Bad
3617,Bad
3618,Bad
3619,Average
3620,Bad
3621,Good
3622,Good
3623,Bad
3624,Average
3625,Average
3626,Average
3627,Bad
3628,Bad
3629,Bad
3630,Good
3631,Average
3632,Good
3633,Average
3634,Great
3635,Average
3636,Bad
3637,Average
3638,Average
3639,Average
3640,Bad
3641,Bad
3642,Bad
3643,Bad
3644,Average
3645,Bad
3646,Average
3647,Average
3648,Bad
3649,Bad
3650,Average
3651,Good
3652,Good
3653,Average
3654,Bad
3655,Bad
3656,Bad
3657,Good
3658,Bad
3659,Bad
3660,Bad
3661,Bad
3662,Bad
3663,Average
3664,Bad
3665,Bad
3666,Bad
3667,Bad
3668,Great
3669,Bad
3670,Bad
3671,Bad
3672,Bad
3673,Bad
3674,Bad
3675,Bad
3676,Average
3677,Bad
3678,Bad
3679,Average
3680,Bad
3681,Average
3682,Bad
3683,Bad
3684,Bad
3685,Average
3686,Bad
3687,Bad
3688,Average
3689,Average
3690,Average
3691,Average
3692,Bad
3693,Good
3694,Bad
3695,Good
3696,Average
3697,Bad
3698,Bad
3699,Bad
3700,Average
3701,Average
3702,Bad
3703,Average
3704,Average
3705,Bad
3706,Bad
3707,Good
3708,Bad
3709,Bad
3710,Bad
3711,Bad
3712,Bad
3713,Bad
3714,Bad
3715,Great
3716,Average
3717,Average
3718,Bad
3719,Bad
3720,Good
3721,Bad
3722,Average
3723,Bad
3724,Bad
3725,Average
3726,Good
3727,Bad
3728,Good
3729,Good
3730,Average
3731,Average
3732,Bad
3733,Bad
3734,Bad
3735,Bad
3736,Average
3737,Bad
3738,Bad
3739,Bad
3740,Average
3741,Bad
3742,Average
3743,Good
3744,Good
3745,Bad
3746,Average
3747,Average
3748,Bad
3749,Bad
3750,Bad
3751,Bad
3752,Bad
3753,Bad
3754,Bad
3755,Average
3756,Bad
3757,Bad
3758,Bad
3759,Bad
3760,Bad
3761,Good
3762,Bad
3763,Bad
3764,Bad
3765,Bad
3766,Great
3767,Good
3768,Average
3769,Average
3770,Good
3771,Bad
3772,Bad
3773,Bad
3774,Good
3775,Average
3776,Bad
3777,Average
3778,Average
3779,Bad
3780,Average
3781,Good
3782,Average
3783,Good
3784,Bad
3785,Good
3786,Average
3787,Average
3788,Bad
3789,Good
3790,Average
3791,Average
3792,Bad
3793,Average
3794,Bad
3795,Bad
3796,Bad
3797,Bad
3798,Bad
3799,Bad
3800,Bad
3801,Average
3802,Good
3803,Bad
3804,Bad
3805,Bad
3806,Bad
3807,Bad
3808,Good
3809,Bad
3810,Bad
3811,Bad
3812,Average
3813,Bad
3814,Bad
3815,Bad
3816,Average
3817,Bad
3818,Bad
3819,Average
3820,Average
3821,Bad
3822,Bad
3823,Great
3824,Average
3825,Average
3826,Good
3827,Bad
3828,Bad
3829,Good
3830,Bad
3831,Bad
3832,Bad
3833,Average
3834,Bad
3835,Bad
3836,Bad
3837,Bad
3838,Good
3839,Good
3840,Good
3841,Average
3842,Average
3843,Average
3844,Bad
3845,Bad
3846,Bad
3847,Average
3848,Bad
3849,Average
3850,Bad
3851,Bad
3852,Bad
3853,Bad
3854,Bad
3855,Bad
3856,Bad
3857,Good
3858,Great
3859,Bad
3860,Bad
3861,Average
3862,Bad
3863,Bad
3864,Bad
3865,Bad
3866,Great
3867,Bad
3868,Bad
3869,Bad
3870,Great
3871,Good
3872,Bad
3873,Bad
3874,Good
3875,Good
3876,Bad
3877,Bad
3878,Bad
3879,Bad
3880,Bad
3881,Good
3882,Bad
3883,Good
3884,Bad
3885,Bad
3886,Bad
3887,Bad
3888,Bad
3889,Great
3890,Bad
3891,Great
3892,Good
3893,Great
3894,Good
3895,Great
3896,Good
3897,Great
3898,Bad
3899,Bad
3900,Bad
3901,Bad
3902,Bad
3903,Good
3904,Bad
3905,Average
3906,Bad
3907,Bad
3908,Average
3909,Bad
3910,Bad
3911,Average
3912,Bad
3913,Average
3914,Bad
3915,Bad
3916,Bad
3917,Good
3918,Good
3919,Bad
3920,Bad
3921,Bad
3922,Average
3923,Good
3924,Average
3925,Bad
3926,Good
3927,Bad
3928,Bad
3929,Bad
3930,Bad
3931,Bad
3932,Good
3933,Average
3934,Good
3935,Good
3936,Good
3937,Average
3938,Bad
3939,Bad
3940,Bad
3941,Average
3942,Bad
3943,Bad
3944,Average
3945,Average
3946,Average
3947,Bad
3948,Average
3949,Bad
3950,Bad
3951,Average
3952,Bad
3953,Bad
3954,Good
3955,Bad
3956,Bad
3957,Bad
3958,Average
3959,Average
3960,Average
3961,Bad
3962,Good
3963,Bad
3964,Bad
3965,Good
3966,Bad
3967,Great
3968,Bad
3969,Bad
3970,Bad
3971,Bad
3972,Good
3973,Great
3974,Good
3975,Bad
3976,Average
3977,Average
3978,Bad
3979,Bad
3980,Great
3981,Bad
3982,Average
3983,Bad
3984,Bad
3985,Great
3986,Bad
3987,Bad
3988,Average
3989,Bad
3990,Average
3991,Average
3992,Bad
3993,Bad
3994,Bad
3995,Bad
3996,Average
3997,Average
3998,Bad
3999,Bad
4000,Average
4001,Average
4002,Bad
4003,Average
4004,Bad
4005,Bad
4006,Bad
4007,Average
4008,Good
4009,Bad
4010,Bad
4011,Bad
4012,Average
4013,Bad
4014,Average
4015,Average
4016,Bad
4017,Bad
4018,Average
4019,Bad
4020,Average
4021,Bad
4022,Average
4023,Bad
4024,Bad
4025,Bad
4026,Average
4027,Bad
4028,Bad
4029,Bad
4030,Bad
4031,Good
4032,Bad
4033,Good
4034,Bad
4035,Bad
4036,Bad
4037,Bad
4038,Average
4039,Great
4040,Bad
4041,Bad
4042,Average
4043,Good
4044,Average
4045,Average
4046,Bad
4047,Bad
4048,Bad
4049,Bad
4050,Bad
4051,Bad
4052,Bad
4053,Average
4054,Bad
4055,Bad
4056,Average
4057,Average
4058,Bad
4059,Bad
4060,Bad
4061,Bad
4062,Bad
4063,Bad
4064,Bad
4065,Average
4066,Bad
4067,Great
4068,Bad
4069,Bad
4070,Bad
4071,Bad
4072,Bad
4073,Bad
4074,Bad
4075,Average
4076,Good
4077,Average
4078,Bad
4079,Average
4080,Average
4081,Good
4082,Average
4083,Bad
4084,Bad
4085,Bad
4086,Bad
4087,Bad
4088,Bad
4089,Bad
4090,Average
4091,Good
4092,Bad
4093,Bad
4094,Bad
4095,Average
4096,Bad
4097,Bad
4098,Bad
4099,Bad
4100,Bad
4101,Average
4102,Bad
4103,Bad
4104,Bad
4105,Bad
4106,Bad
4107,Average
4108,Bad
4109,Bad
4110,Average
4111,Average
4112,Great
4113,Average
4114,Bad
4115,Bad
4116,Good
4117,Bad
4118,Bad
4119,Good
4120,Bad
4121,Great
4122,Bad
4123,Average
4124,Great
4125,Bad
4126,Bad
4127,Bad
4128,Average
4129,Bad
4130,Average
4131,Bad
4132,Average
4133,Bad
4134,Bad
4135,Bad
4136,Bad
4137,Bad
4138,Average
4139,Bad
4140,Average
4141,Average
4142,Bad
4143,Great
4144,Bad
4145,Average
4146,Average
4147,Bad
4148,Average
4149,Bad
4150,Bad
4151,Bad
4152,Good
4153,Bad
4154,Bad
4155,Bad
4156,Bad
4157,Bad
4158,Bad
4159,Good
4160,Average
4161,Bad
4162,Bad
4163,Great
4164,Average
4165,Good
4166,Bad
4167,Average
4168,Bad
4169,Average
4170,Bad
4171,Bad
4172,Bad
4173,Bad
4174,Average
4175,Good
4176,Bad
4177,Bad
4178,Good
4179,Bad
4180,Good
4181,Bad
4182,Average
4183,Bad
4184,Bad
4185,Bad
4186,Average
4187,Good
4188,Average
4189,Good
4190,Bad
4191,Great
4192,Bad
4193,Good
4194,Bad
4195,Bad
4196,Bad
4197,Bad
4198,Bad
4199,Average
4200,Average
4201,Bad
4202,Average
4203,Bad
4204,Bad
4205,Bad
4206,Bad
4207,Bad
4208,Bad
4209,Bad
4210,Bad
4211,Bad
4212,Bad
4213,Bad
4214,Bad
4215,Bad
4216,Bad
4217,Average
4218,Bad
4219,Bad
4220,Average
4221,Average
4222,Bad
4223,Great
4224,Good
4225,Bad
4226,Average
4227,Bad
4228,Bad
4229,Average
4230,Bad
4231,Good
4232,Bad
4233,Bad
4234,Average
4235,Bad
4236,Bad
4237,Bad
4238,Bad
4239,Average
4240,Average
4241,Good
4242,Good
4243,Bad
4244,Bad
4245,Bad
4246,Average
4247,Bad
4248,Bad
4249,Bad
4250,Bad
4251,Average
4252,Average
4253,Bad
4254,Good
4255,Bad
4256,Good
4257,Average
4258,Bad
4259,Bad
4260,Average
4261,Average
4262,Good
4263,Average
4264,Bad
4265,Bad
4266,Average
4267,Average
4268,Bad
4269,Average
4270,Bad
4271,Average
4272,Average
4273,Bad
4274,Bad
4275,Average
4276,Good
4277,Good
4278,Average
4279,Bad
4280,Bad
4281,Great
4282,Bad
4283,Bad
4284,Bad
4285,Average
4286,Bad
4287,Bad
4288,Bad
4289,Bad
4290,Average
4291,Average
4292,Bad
4293,Average
4294,Average
4295,Bad
4296,Bad
4297,Bad
4298,Bad
4299,Great
4300,Bad
4301,Average
4302,Great
4303,Bad
4304,Bad
4305,Average
4306,Good
4307,Great
4308,Average
4309,Bad
4310,Average
4311,Bad
4312,Bad
4313,Bad
4314,Bad
4315,Bad
4316,Good
4317,Great
4318,Bad
4319,Bad
4320,Bad
4321,Bad
4322,Good
4323,Good
4324,Bad
4325,Bad
4326,Bad
4327,Good
4328,Average
4329,Average
4330,Bad
4331,Bad
4332,Bad
4333,Great
4334,Bad
4335,Bad
4336,Average
4337,Bad
4338,Good
4339,Average
4340,Bad
4341,Bad
4342,Bad
4343,Average
4344,Bad
4345,Bad
4346,Average
4347,Average
4348,Good
4349,Bad
4350,Bad
4351,Good
4352,Bad
4353,Bad
4354,Bad
4355,Bad
4356,Bad
4357,Bad
4358,Bad
4359,Bad
4360,Good
4361,Average
4362,Good
4363,Average
4364,Bad
4365,Bad
4366,Bad
4367,Bad
4368,Bad
4369,Average
4370,Average
4371,Bad
4372,Bad
4373,Bad
4374,Bad
4375,Bad
4376,Good
4377,Bad
4378,Good
4379,Bad
4380,Average
4381,Bad
4382,Bad
4383,Bad
4384,Bad
4385,Average
4386,Bad
4387,Average
4388,Average
4389,Bad
4390,Bad
4391,Bad
4392,Good
4393,Good
4394,Bad
4395,Average
4396,Bad
4397,Bad
4398,Average
4399,Average
4400,Bad
4401,Average
4402,Bad
4403,Bad
4404,Bad
4405,Bad
4406,Bad
4407,Bad
4408,Bad
4409,Average
4410,Bad
4411,Bad
4412,Average
4413,Bad
4414,Bad
4415,Bad
4416,Average
4417,Average
4418,Bad
4419,Average
4420,Average
4421,Bad
4422,Bad
4423,Bad
4424,Good
4425,Bad
4426,Bad
4427,Bad
4428,Bad
4429,Bad
4430,Bad
4431,Average
4432,Bad
4433,Bad
4434,Good
4435,Bad
4436,Average
4437,Bad
4438,Average
4439,Bad
4440,Bad
4441,Bad
4442,Bad
4443,Good
4444,Bad
4445,Average
4446,Bad
4447,Bad
4448,Average
4449,Average
4450,Bad
4451,Average
4452,Bad
4453,Good
4454,Bad
4455,Bad
4456,Average
4457,Average
4458,Bad
4459,Great
4460,Bad
4461,Great
4462,Average
4463,Average
4464,Bad
4465,Bad
4466,Bad
4467,Bad
4468,Average
4469,Bad
4470,Average
4471,Good
4472,Average
4473,Bad
4474,Average
4475,Bad
4476,Average
4477,Bad
4478,Bad
4479,Good
4480,Average
4481,Bad
4482,Average
4483,Bad
4484,Great
4485,Great
4486,Bad
4487,Bad
4488,Bad
4489,Average
4490,Bad
4491,Bad
4492,Average
4493,Great
4494,Bad
4495,Bad
4496,Good
4497,Bad
4498,Bad
4499,Bad
4500,Average
4501,Bad
4502,Good
4503,Bad
4504,Bad
4505,Bad
4506,Bad
4507,Good
4508,Bad
4509,Average
4510,Bad
4511,Average
4512,Bad
4513,Bad
4514,Bad
4515,Bad
4516,Bad
4517,Average
4518,Average
4519,Bad
4520,Bad
4521,Bad
4522,Average
4523,Average
4524,Bad
4525,Bad
4526,Bad
4527,Bad
4528,Average
4529,Average
4530,Bad
4531,Bad
4532,Bad
4533,Good
4534,Bad
4535,Good
4536,Average
4537,Great
4538,Bad
4539,Bad
4540,Bad
4541,Bad
4542,Good
4543,Average
4544,Great
4545,Average
4546,Bad
4547,Average
4548,Bad
4549,Bad
4550,Bad
4551,Bad
4552,Average
4553,Bad
4554,Bad
4555,Bad
4556,Bad
4557,Bad
4558,Bad
4559,Bad
4560,Average
4561,Bad
4562,Bad
4563,Bad
4564,Bad
4565,Bad
4566,Bad
4567,Bad
4568,Bad
4569,Bad
4570,Bad
4571,Bad
4572,Bad
4573,Average
4574,Average
4575,Average
4576,Average
4577,Average
4578,Average
4579,Average
4580,Bad
4581,Bad
4582,Bad
4583,Bad
4584,Average
4585,Average
4586,Bad
4587,Bad
4588,Bad
4589,Bad
4590,Bad
4591,Good
4592,Average
4593,Bad
4594,Bad
4595,Bad
4596,Bad
4597,Bad
4598,Bad
4599,Bad
4600,Bad
4601,Great
4602,Good
4603,Bad
4604,Good
4605,Average
4606,Bad
4607,Bad
4608,Bad
4609,Average
4610,Bad
4611,Bad
4612,Bad
4613,Bad
4614,Bad
4615,Bad
4616,Bad
4617,Bad
4618,Bad
4619,Bad
4620,Average
4621,Bad
4622,Bad
4623,Average
4624,Bad
4625,Bad
4626,Good
4627,Great
4628,Bad
4629,Bad
4630,Good
4631,Bad
4632,Average
4633,Bad
4634,Bad
4635,Bad
4636,Bad
4637,Great
4638,Great
4639,Good
4640,Good
4641,Average
4642,Bad
4643,Bad
4644,Bad
4645,Good
4646,Good
4647,Bad
4648,Average
4649,Bad
4650,Bad
4651,Bad
4652,Bad
4653,Bad
4654,Bad
4655,Good
4656,Bad
4657,Average
4658,Bad
4659,Average
4660,Bad
4661,Great
4662,Bad
4663,Good
4664,Bad
4665,Average
4666,Bad
4667,Average
4668,Bad
4669,Average
4670,Average
4671,Average
4672,Bad
4673,Great
4674,Average
4675,Bad
4676,Bad
4677,Bad
4678,Bad
4679,Bad
4680,Average
4681,Average
4682,Bad
4683,Average
4684,Bad
4685,Average
4686,Great
4687,Bad
4688,Bad
4689,Bad
4690,Bad
4691,Bad
4692,Bad
4693,Bad
4694,Bad
4695,Great
4696,Bad
4697,Good
4698,Bad
4699,Average
4700,Good
4701,Great
4702,Bad
4703,Bad
4704,Bad
4705,Good
4706,Bad
4707,Bad
4708,Bad
4709,Average
4710,Bad
4711,Bad
4712,Bad
4713,Average
4714,Good
4715,Average
4716,Bad
4717,Average
4718,Bad
4719,Bad
4720,Average
4721,Bad
4722,Average
4723,Bad
4724,Good
4725,Great
4726,Bad
4727,Bad
4728,Average
4729,Bad
4730,Average
4731,Bad
4732,Bad
4733,Average
4734,Average
4735,Bad
4736,Average
4737,Good
4738,Bad
4739,Bad
4740,Bad
4741,Bad
4742,Bad
4743,Average
4744,Bad
4745,Bad
4746,Bad
4747,Average
4748,Bad
4749,Bad
4750,Bad
4751,Bad
4752,Bad
4753,Bad
4754,Bad
4755,Average
4756,Bad
4757,Bad
4758,Average
4759,Good
4760,Good
4761,Bad
4762,Average
4763,Bad
4764,Bad
4765,Bad
4766,Bad
4767,Bad
4768,Average
4769,Bad
4770,Bad
4771,Bad
4772,Bad
4773,Bad
4774,Bad
4775,Good
4776,Bad
4777,Good
4778,Great
4779,Average
4780,Average
4781,Average
4782,Bad
4783,Bad
4784,Average
4785,Average
4786,Bad
4787,Great
4788,Good
4789,Bad
4790,Average
4791,Good
4792,Bad
4793,Bad
4794,Bad
4795,Good
4796,Average
4797,Bad
4798,Average
4799,Good
4800,Bad
4801,Average
4802,Average
4803,Bad
4804,Bad
4805,Bad
4806,Bad
4807,Good
4808,Bad
4809,Bad
4810,Bad
4811,Good
4812,Bad
4813,Good
4814,Bad
4815,Bad
4816,Average
4817,Great
4818,Bad
4819,Bad
4820,Bad
4821,Bad
4822,Good
4823,Good
4824,Bad
4825,Bad
4826,Average
4827,Bad
4828,Bad
4829,Average
4830,Bad
4831,Bad
4832,Bad
4833,Bad
4834,Bad
4835,Bad
4836,Bad
4837,Average
4838,Bad
4839,Bad
4840,Bad
4841,Average
4842,Bad
4843,Bad
4844,Bad
4845,Bad
4846,Bad
4847,Bad
4848,Bad
4849,Average
4850,Bad
4851,Bad
4852,Bad
4853,Bad
4854,Average
4855,Bad
4856,Average
4857,Bad
4858,Bad
4859,Great
4860,Bad
4861,Bad
4862,Bad
4863,Good
4864,Average
4865,Average
4866,Great
4867,Bad
4868,Great
4869,Bad
4870,Bad
4871,Bad
4872,Average
4873,Great
4874,Bad
4875,Average
4876,Good
4877,Good
4878,Bad
4879,Bad
4880,Bad
4881,Average
4882,Average
4883,Average
4884,Good
4885,Bad
4886,Great
4887,Bad
4888,Average
4889,Great
4890,Bad
4891,Bad
4892,Bad
4893,Bad
4894,Good
4895,Good
4896,Average
4897,Bad
4898,Bad
4899,Good
4900,Good
4901,Average
4902,Bad
4903,Good
4904,Bad
4905,Average
4906,Bad
4907,Great
4908,Bad
4909,Average
4910,Good
4911,Average
4912,Great
4913,Bad
4914,Good
4915,Bad
4916,Bad
4917,Bad
4918,Bad
4919,Bad
4920,Bad
4921,Bad
4922,Bad
4923,Bad
4924,Average
4925,Bad
4926,Average
4927,Bad
4928,Good
4929,Great
4930,Bad
4931,Bad
4932,Bad
4933,Great
4934,Great
4935,Average
4936,Average
4937,Good
4938,Good
4939,Bad
4940,Great
4941,Bad
4942,Bad
4943,Bad
4944,Bad
4945,Bad
4946,Average
4947,Average
4948,Bad
4949,Bad
4950,Bad
4951,Bad
4952,Bad
4953,Bad
4954,Good
4955,Average
4956,Average
4957,Bad
4958,Average
4959,Average
4960,Average
4961,Bad
4962,Great
4963,Bad
4964,Great
4965,Bad
4966,Great
4967,Bad
4968,Bad
4969,Bad
4970,Bad
4971,Good
4972,Good
4973,Bad
4974,Bad
4975,Bad
4976,Bad
4977,Bad
4978,Good
4979,Average
4980,Average
4981,Bad
4982,Bad
4983,Great
4984,Bad
4985,Average
4986,Great
4987,Bad
4988,Great
4989,Bad
4990,Average
4991,Bad
4992,Bad
4993,Bad
4994,Great
4995,Bad
4996,Bad
4997,Bad
4998,Bad
4999,Bad
