LifeStyle,ID
Bad,0
Bad,1
Bad,2
Bad,3
Bad,4
Bad,5
Bad,6
Bad,7
Bad,8
Bad,9
Bad,10
Bad,11
Bad,12
Bad,13
Bad,14
Bad,15
Bad,16
Bad,17
Bad,18
Bad,19
Bad,20
Bad,21
Bad,22
Bad,23
Bad,24
Bad,25
Bad,26
Bad,27
Bad,28
Bad,29
Bad,30
Bad,31
Bad,32
Bad,33
Bad,34
Bad,35
Bad,36
Bad,37
Bad,38
Bad,39
Bad,40
Bad,41
Bad,42
Bad,43
Bad,44
Bad,45
Bad,46
Bad,47
Bad,48
Bad,49
Bad,50
Bad,51
Bad,52
Bad,53
Bad,54
Bad,55
Bad,56
Bad,57
Bad,58
Bad,59
Bad,60
Bad,61
Bad,62
Bad,63
Bad,64
Bad,65
Bad,66
Bad,67
Bad,68
Bad,69
Bad,70
Bad,71
Bad,72
Bad,73
Bad,74
Bad,75
Bad,76
Bad,77
Bad,78
Bad,79
Bad,80
Bad,81
Bad,82
Bad,83
Bad,84
Bad,85
Bad,86
Bad,87
Bad,88
Bad,89
Bad,90
Bad,91
Bad,92
Bad,93
Bad,94
Bad,95
Bad,96
Bad,97
Bad,98
Bad,99
Bad,100
Bad,101
Bad,102
Bad,103
Bad,104
Bad,105
Bad,106
Bad,107
Bad,108
Bad,109
Bad,110
Bad,111
Bad,112
Bad,113
Bad,114
Bad,115
Bad,116
Bad,117
Bad,118
Bad,119
Bad,120
Bad,121
Bad,122
Bad,123
Bad,124
Bad,125
Bad,126
Bad,127
Bad,128
Bad,129
Bad,130
Bad,131
Bad,132
Bad,133
Bad,134
Bad,135
Bad,136
Bad,137
Bad,138
Bad,139
Bad,140
Bad,141
Bad,142
Bad,143
Bad,144
Bad,145
Bad,146
Bad,147
Bad,148
Bad,149
Bad,150
Bad,151
Bad,152
Bad,153
Bad,154
Bad,155
Bad,156
Bad,157
Bad,158
Bad,159
Bad,160
Bad,161
Bad,162
Bad,163
Bad,164
Bad,165
Bad,166
Bad,167
Bad,168
Bad,169
Bad,170
Bad,171
Bad,172
Bad,173
Bad,174
Bad,175
Bad,176
Bad,177
Bad,178
Bad,179
Bad,180
Bad,181
Bad,182
Bad,183
Bad,184
Bad,185
Bad,186
Bad,187
Bad,188
Bad,189
Bad,190
Bad,191
Bad,192
Bad,193
Bad,194
Bad,195
Bad,196
Bad,197
Bad,198
Bad,199
Bad,200
Bad,201
Bad,202
Bad,203
Bad,204
Bad,205
Bad,206
Bad,207
Bad,208
Bad,209
Bad,210
Bad,211
Bad,212
Bad,213
Bad,214
Bad,215
Bad,216
Bad,217
Bad,218
Bad,219
Bad,220
Bad,221
Bad,222
Bad,223
Bad,224
Bad,225
Bad,226
Bad,227
Bad,228
Bad,229
Bad,230
Bad,231
Bad,232
Bad,233
Bad,234
Bad,235
Bad,236
Bad,237
Bad,238
Bad,239
Bad,240
Bad,241
Bad,242
Bad,243
Bad,244
Bad,245
Bad,246
Bad,247
Bad,248
Bad,249
Bad,250
Bad,251
Bad,252
Bad,253
Bad,254
Bad,255
Bad,256
Bad,257
Bad,258
Bad,259
Bad,260
Bad,261
Bad,262
Bad,263
Bad,264
Bad,265
Bad,266
Bad,267
Bad,268
Bad,269
Bad,270
Bad,271
Bad,272
Bad,273
Bad,274
Bad,275
Bad,276
Bad,277
Bad,278
Bad,279
Bad,280
Bad,281
Bad,282
Bad,283
Bad,284
Bad,285
Bad,286
Bad,287
Bad,288
Bad,289
Bad,290
Bad,291
Bad,292
Bad,293
Bad,294
Bad,295
Bad,296
Bad,297
Bad,298
Bad,299
Bad,300
Bad,301
Bad,302
Bad,303
Bad,304
Bad,305
Bad,306
Bad,307
Bad,308
Bad,309
Bad,310
Bad,311
Bad,312
Bad,313
Bad,314
Bad,315
Bad,316
Bad,317
Bad,318
Bad,319
Bad,320
Bad,321
Bad,322
Bad,323
Bad,324
Bad,325
Bad,326
Bad,327
Bad,328
Bad,329
Bad,330
Bad,331
Bad,332
Bad,333
Bad,334
Bad,335
Bad,336
Bad,337
Bad,338
Bad,339
Bad,340
Bad,341
Bad,342
Bad,343
Bad,344
Bad,345
Bad,346
Bad,347
Bad,348
Bad,349
Bad,350
Bad,351
Bad,352
Bad,353
Bad,354
Bad,355
Bad,356
Bad,357
Bad,358
Bad,359
Bad,360
Bad,361
Bad,362
Bad,363
Bad,364
Bad,365
Bad,366
Bad,367
Bad,368
Bad,369
Bad,370
Bad,371
Bad,372
Bad,373
Bad,374
Bad,375
Bad,376
Bad,377
Bad,378
Bad,379
Bad,380
Bad,381
Bad,382
Bad,383
Bad,384
Bad,385
Bad,386
Bad,387
Bad,388
Bad,389
Bad,390
Bad,391
Bad,392
Bad,393
Bad,394
Bad,395
Bad,396
Bad,397
Bad,398
Bad,399
Bad,400
Bad,401
Bad,402
Bad,403
Bad,404
Bad,405
Bad,406
Bad,407
Bad,408
Bad,409
Bad,410
Bad,411
Bad,412
Bad,413
Bad,414
Bad,415
Bad,416
Bad,417
Bad,418
Bad,419
Bad,420
Bad,421
Bad,422
Bad,423
Bad,424
Bad,425
Bad,426
Bad,427
Bad,428
Bad,429
Bad,430
Bad,431
Bad,432
Bad,433
Bad,434
Bad,435
Bad,436
Bad,437
Bad,438
Bad,439
Bad,440
Bad,441
Bad,442
Bad,443
Bad,444
Bad,445
Bad,446
Bad,447
Bad,448
Bad,449
Bad,450
Bad,451
Bad,452
Bad,453
Bad,454
Bad,455
Bad,456
Bad,457
Bad,458
Bad,459
Bad,460
Bad,461
Bad,462
Bad,463
Bad,464
Bad,465
Bad,466
Bad,467
Bad,468
Bad,469
Bad,470
Bad,471
Bad,472
Bad,473
Bad,474
Bad,475
Bad,476
Bad,477
Bad,478
Bad,479
Bad,480
Bad,481
Bad,482
Bad,483
Bad,484
Bad,485
Bad,486
Bad,487
Bad,488
Bad,489
Bad,490
Bad,491
Bad,492
Bad,493
Bad,494
Bad,495
Bad,496
Bad,497
Bad,498
Bad,499
Bad,500
Bad,501
Bad,502
Bad,503
Bad,504
Bad,505
Bad,506
Bad,507
Bad,508
Bad,509
Bad,510
Bad,511
Bad,512
Bad,513
Bad,514
Bad,515
Bad,516
Bad,517
Bad,518
Bad,519
Bad,520
Bad,521
Bad,522
Bad,523
Bad,524
Bad,525
Bad,526
Bad,527
Bad,528
Bad,529
Bad,530
Bad,531
Bad,532
Bad,533
Bad,534
Bad,535
Bad,536
Bad,537
Bad,538
Bad,539
Bad,540
Bad,541
Bad,542
Bad,543
Bad,544
Bad,545
Bad,546
Bad,547
Bad,548
Bad,549
Bad,550
Bad,551
Bad,552
Bad,553
Bad,554
Bad,555
Bad,556
Bad,557
Bad,558
Bad,559
Bad,560
Bad,561
Bad,562
Bad,563
Bad,564
Bad,565
Bad,566
Bad,567
Bad,568
Bad,569
Bad,570
Bad,571
Bad,572
Bad,573
Bad,574
Bad,575
Bad,576
Bad,577
Bad,578
Bad,579
Bad,580
Bad,581
Bad,582
Bad,583
Bad,584
Bad,585
Bad,586
Bad,587
Bad,588
Bad,589
Bad,590
Bad,591
Bad,592
Bad,593
Bad,594
Bad,595
Bad,596
Bad,597
Bad,598
Bad,599
Bad,600
Bad,601
Bad,602
Bad,603
Bad,604
Bad,605
Bad,606
Bad,607
Bad,608
Bad,609
Bad,610
Bad,611
Bad,612
Bad,613
Bad,614
Bad,615
Bad,616
Bad,617
Bad,618
Bad,619
Bad,620
Bad,621
Bad,622
Bad,623
Bad,624
Bad,625
Bad,626
Bad,627
Bad,628
Bad,629
Bad,630
Bad,631
Bad,632
Bad,633
Bad,634
Bad,635
Bad,636
Bad,637
Bad,638
Bad,639
Bad,640
Bad,641
Bad,642
Bad,643
Bad,644
Bad,645
Bad,646
Bad,647
Bad,648
Bad,649
Bad,650
Bad,651
Bad,652
Bad,653
Bad,654
Bad,655
Bad,656
Bad,657
Bad,658
Bad,659
Bad,660
Bad,661
Bad,662
Bad,663
Bad,664
Bad,665
Bad,666
Bad,667
Bad,668
Bad,669
Bad,670
Bad,671
Bad,672
Bad,673
Bad,674
Bad,675
Bad,676
Bad,677
Bad,678
Bad,679
Bad,680
Bad,681
Bad,682
Bad,683
Bad,684
Bad,685
Bad,686
Bad,687
Bad,688
Bad,689
Bad,690
Bad,691
Bad,692
Bad,693
Bad,694
Bad,695
Bad,696
Bad,697
Bad,698
Bad,699
Bad,700
Bad,701
Bad,702
Bad,703
Bad,704
Bad,705
Bad,706
Bad,707
Bad,708
Bad,709
Bad,710
Bad,711
Bad,712
Bad,713
Bad,714
Bad,715
Bad,716
Bad,717
Bad,718
Bad,719
Bad,720
Bad,721
Bad,722
Bad,723
Bad,724
Bad,725
Bad,726
Bad,727
Bad,728
Bad,729
Bad,730
Bad,731
Bad,732
Bad,733
Bad,734
Bad,735
Bad,736
Bad,737
Bad,738
Bad,739
Bad,740
Bad,741
Bad,742
Bad,743
Bad,744
Bad,745
Bad,746
Bad,747
Bad,748
Bad,749
Bad,750
Bad,751
Bad,752
Bad,753
Bad,754
Bad,755
Bad,756
Bad,757
Bad,758
Bad,759
Bad,760
Bad,761
Bad,762
Bad,763
Bad,764
Bad,765
Bad,766
Bad,767
Bad,768
Bad,769
Bad,770
Bad,771
Bad,772
Bad,773
Bad,774
Bad,775
Bad,776
Bad,777
Bad,778
Bad,779
Bad,780
Bad,781
Bad,782
Bad,783
Bad,784
Bad,785
Bad,786
Bad,787
Bad,788
Bad,789
Bad,790
Bad,791
Bad,792
Bad,793
Bad,794
Bad,795
Bad,796
Bad,797
Bad,798
Bad,799
Bad,800
Bad,801
Bad,802
Bad,803
Bad,804
Bad,805
Bad,806
Bad,807
Bad,808
Bad,809
Bad,810
Bad,811
Bad,812
Bad,813
Bad,814
Bad,815
Bad,816
Bad,817
Bad,818
Bad,819
Bad,820
Bad,821
Bad,822
Bad,823
Bad,824
Bad,825
Bad,826
Bad,827
Bad,828
Bad,829
Bad,830
Bad,831
Bad,832
Bad,833
Bad,834
Bad,835
Bad,836
Bad,837
Bad,838
Bad,839
Bad,840
Bad,841
Bad,842
Bad,843
Bad,844
Bad,845
Bad,846
Bad,847
Bad,848
Bad,849
Bad,850
Bad,851
Bad,852
Bad,853
Bad,854
Bad,855
Bad,856
Bad,857
Bad,858
Bad,859
Bad,860
Bad,861
Bad,862
Bad,863
Bad,864
Bad,865
Bad,866
Bad,867
Bad,868
Bad,869
Bad,870
Bad,871
Bad,872
Bad,873
Bad,874
Bad,875
Bad,876
Bad,877
Bad,878
Bad,879
Bad,880
Bad,881
Bad,882
Bad,883
Bad,884
Bad,885
Bad,886
Bad,887
Bad,888
Bad,889
Bad,890
Bad,891
Bad,892
Bad,893
Bad,894
Bad,895
Bad,896
Bad,897
Bad,898
Bad,899
Bad,900
Bad,901
Bad,902
Bad,903
Bad,904
Bad,905
Bad,906
Bad,907
Bad,908
Bad,909
Bad,910
Bad,911
Bad,912
Bad,913
Bad,914
Bad,915
Bad,916
Bad,917
Bad,918
Bad,919
Bad,920
Bad,921
Bad,922
Bad,923
Bad,924
Bad,925
Bad,926
Bad,927
Bad,928
Bad,929
Bad,930
Bad,931
Bad,932
Bad,933
Bad,934
Bad,935
Bad,936
Bad,937
Bad,938
Bad,939
Bad,940
Bad,941
Bad,942
Bad,943
Bad,944
Bad,945
Bad,946
Bad,947
Bad,948
Bad,949
Bad,950
Bad,951
Bad,952
Bad,953
Bad,954
Bad,955
Bad,956
Bad,957
Bad,958
Bad,959
Bad,960
Bad,961
Bad,962
Bad,963
Bad,964
Bad,965
Bad,966
Bad,967
Bad,968
Bad,969
Bad,970
Bad,971
Bad,972
Bad,973
Bad,974
Bad,975
Bad,976
Bad,977
Bad,978
Bad,979
Bad,980
Bad,981
Bad,982
Bad,983
Bad,984
Bad,985
Bad,986
Bad,987
Bad,988
Bad,989
Bad,990
Bad,991
Bad,992
Bad,993
Bad,994
Bad,995
Bad,996
Bad,997
Bad,998
Bad,999
Bad,1000
Bad,1001
Bad,1002
Bad,1003
Bad,1004
Bad,1005
Bad,1006
Bad,1007
Bad,1008
Bad,1009
Bad,1010
Bad,1011
Bad,1012
Bad,1013
Bad,1014
Bad,1015
Bad,1016
Bad,1017
Bad,1018
Bad,1019
Bad,1020
Bad,1021
Bad,1022
Bad,1023
Bad,1024
Bad,1025
Bad,1026
Bad,1027
Bad,1028
Bad,1029
Bad,1030
Bad,1031
Bad,1032
Bad,1033
Bad,1034
Bad,1035
Bad,1036
Bad,1037
Bad,1038
Bad,1039
Bad,1040
Bad,1041
Bad,1042
Bad,1043
Bad,1044
Bad,1045
Bad,1046
Bad,1047
Bad,1048
Bad,1049
Bad,1050
Bad,1051
Bad,1052
Bad,1053
Bad,1054
Bad,1055
Bad,1056
Bad,1057
Bad,1058
Bad,1059
Bad,1060
Bad,1061
Bad,1062
Bad,1063
Bad,1064
Bad,1065
Bad,1066
Bad,1067
Bad,1068
Bad,1069
Bad,1070
Bad,1071
Bad,1072
Bad,1073
Bad,1074
Bad,1075
Bad,1076
Bad,1077
Bad,1078
Bad,1079
Bad,1080
Bad,1081
Bad,1082
Bad,1083
Bad,1084
Bad,1085
Bad,1086
Bad,1087
Bad,1088
Bad,1089
Bad,1090
Bad,1091
Bad,1092
Bad,1093
Bad,1094
Bad,1095
Bad,1096
Bad,1097
Bad,1098
Bad,1099
Bad,1100
Bad,1101
Bad,1102
Bad,1103
Bad,1104
Bad,1105
Bad,1106
Bad,1107
Bad,1108
Bad,1109
Bad,1110
Bad,1111
Bad,1112
Bad,1113
Bad,1114
Bad,1115
Bad,1116
Bad,1117
Bad,1118
Bad,1119
Bad,1120
Bad,1121
Bad,1122
Bad,1123
Bad,1124
Bad,1125
Bad,1126
Bad,1127
Bad,1128
Bad,1129
Bad,1130
Bad,1131
Bad,1132
Bad,1133
Bad,1134
Bad,1135
Bad,1136
Bad,1137
Bad,1138
Bad,1139
Bad,1140
Bad,1141
Bad,1142
Bad,1143
Bad,1144
Bad,1145
Bad,1146
Bad,1147
Bad,1148
Bad,1149
Bad,1150
Bad,1151
Bad,1152
Bad,1153
Bad,1154
Bad,1155
Bad,1156
Bad,1157
Bad,1158
Bad,1159
Bad,1160
Bad,1161
Bad,1162
Bad,1163
Bad,1164
Bad,1165
Bad,1166
Bad,1167
Bad,1168
Bad,1169
Bad,1170
Bad,1171
Bad,1172
Bad,1173
Bad,1174
Bad,1175
Bad,1176
Bad,1177
Bad,1178
Bad,1179
Bad,1180
Bad,1181
Bad,1182
Bad,1183
Bad,1184
Bad,1185
Bad,1186
Bad,1187
Bad,1188
Bad,1189
Bad,1190
Bad,1191
Bad,1192
Bad,1193
Bad,1194
Bad,1195
Bad,1196
Bad,1197
Bad,1198
Bad,1199
Bad,1200
Bad,1201
Bad,1202
Bad,1203
Bad,1204
Bad,1205
Bad,1206
Bad,1207
Bad,1208
Bad,1209
Bad,1210
Bad,1211
Bad,1212
Bad,1213
Bad,1214
Bad,1215
Bad,1216
Bad,1217
Bad,1218
Bad,1219
Bad,1220
Bad,1221
Bad,1222
Bad,1223
Bad,1224
Bad,1225
Bad,1226
Bad,1227
Bad,1228
Bad,1229
Bad,1230
Bad,1231
Bad,1232
Bad,1233
Bad,1234
Bad,1235
Bad,1236
Bad,1237
Bad,1238
Bad,1239
Bad,1240
Bad,1241
Bad,1242
Bad,1243
Bad,1244
Bad,1245
Bad,1246
Bad,1247
Bad,1248
Bad,1249
Bad,1250
Bad,1251
Bad,1252
Bad,1253
Bad,1254
Bad,1255
Bad,1256
Bad,1257
Bad,1258
Bad,1259
Bad,1260
Bad,1261
Bad,1262
Bad,1263
Bad,1264
Bad,1265
Bad,1266
Bad,1267
Bad,1268
Bad,1269
Bad,1270
Bad,1271
Bad,1272
Bad,1273
Bad,1274
Bad,1275
Bad,1276
Bad,1277
Bad,1278
Bad,1279
Bad,1280
Bad,1281
Bad,1282
Bad,1283
Bad,1284
Bad,1285
Bad,1286
Bad,1287
Bad,1288
Bad,1289
Bad,1290
Bad,1291
Bad,1292
Bad,1293
Bad,1294
Bad,1295
Bad,1296
Bad,1297
Bad,1298
Bad,1299
Bad,1300
Bad,1301
Bad,1302
Bad,1303
Bad,1304
Bad,1305
Bad,1306
Bad,1307
Bad,1308
Bad,1309
Bad,1310
Bad,1311
Bad,1312
Bad,1313
Bad,1314
Bad,1315
Bad,1316
Bad,1317
Bad,1318
Bad,1319
Bad,1320
Bad,1321
Bad,1322
Bad,1323
Bad,1324
Bad,1325
Bad,1326
Bad,1327
Bad,1328
Bad,1329
Bad,1330
Bad,1331
Bad,1332
Bad,1333
Bad,1334
Bad,1335
Bad,1336
Bad,1337
Bad,1338
Bad,1339
Bad,1340
Bad,1341
Bad,1342
Bad,1343
Bad,1344
Bad,1345
Bad,1346
Bad,1347
Bad,1348
Bad,1349
Bad,1350
Bad,1351
Bad,1352
Bad,1353
Bad,1354
Bad,1355
Bad,1356
Bad,1357
Bad,1358
Bad,1359
Bad,1360
Bad,1361
Bad,1362
Bad,1363
Bad,1364
Bad,1365
Bad,1366
Bad,1367
Bad,1368
Bad,1369
Bad,1370
Bad,1371
Bad,1372
Bad,1373
Bad,1374
Bad,1375
Bad,1376
Bad,1377
Bad,1378
Bad,1379
Bad,1380
Bad,1381
Bad,1382
Bad,1383
Bad,1384
Bad,1385
Bad,1386
Bad,1387
Bad,1388
Bad,1389
Bad,1390
Bad,1391
Bad,1392
Bad,1393
Bad,1394
Bad,1395
Bad,1396
Bad,1397
Bad,1398
Bad,1399
Bad,1400
Bad,1401
Bad,1402
Bad,1403
Bad,1404
Bad,1405
Bad,1406
Bad,1407
Bad,1408
Bad,1409
Bad,1410
Bad,1411
Bad,1412
Bad,1413
Bad,1414
Bad,1415
Bad,1416
Bad,1417
Bad,1418
Bad,1419
Bad,1420
Bad,1421
Bad,1422
Bad,1423
Bad,1424
Bad,1425
Bad,1426
Bad,1427
Bad,1428
Bad,1429
Bad,1430
Bad,1431
Bad,1432
Bad,1433
Bad,1434
Bad,1435
Bad,1436
Bad,1437
Bad,1438
Bad,1439
Bad,1440
Bad,1441
Bad,1442
Bad,1443
Bad,1444
Bad,1445
Bad,1446
Bad,1447
Bad,1448
Bad,1449
Bad,1450
Bad,1451
Bad,1452
Bad,1453
Bad,1454
Bad,1455
Bad,1456
Bad,1457
Bad,1458
Bad,1459
Bad,1460
Bad,1461
Bad,1462
Bad,1463
Bad,1464
Bad,1465
Bad,1466
Bad,1467
Bad,1468
Bad,1469
Bad,1470
Bad,1471
Bad,1472
Bad,1473
Bad,1474
Bad,1475
Bad,1476
Bad,1477
Bad,1478
Bad,1479
Bad,1480
Bad,1481
Bad,1482
Bad,1483
Bad,1484
Bad,1485
Bad,1486
Bad,1487
Bad,1488
Bad,1489
Bad,1490
Bad,1491
Bad,1492
Bad,1493
Bad,1494
Bad,1495
Bad,1496
Bad,1497
Bad,1498
Bad,1499
Bad,1500
Bad,1501
Bad,1502
Bad,1503
Bad,1504
Bad,1505
Bad,1506
Bad,1507
Bad,1508
Bad,1509
Bad,1510
Bad,1511
Bad,1512
Bad,1513
Bad,1514
Bad,1515
Bad,1516
Bad,1517
Bad,1518
Bad,1519
Bad,1520
Bad,1521
Bad,1522
Bad,1523
Bad,1524
Bad,1525
Bad,1526
Bad,1527
Bad,1528
Bad,1529
Bad,1530
Bad,1531
Bad,1532
Bad,1533
Bad,1534
Bad,1535
Bad,1536
Bad,1537
Bad,1538
Bad,1539
Bad,1540
Bad,1541
Bad,1542
Bad,1543
Bad,1544
Bad,1545
Bad,1546
Bad,1547
Bad,1548
Bad,1549
Bad,1550
Bad,1551
Bad,1552
Bad,1553
Bad,1554
Bad,1555
Bad,1556
Bad,1557
Bad,1558
Bad,1559
Bad,1560
Bad,1561
Bad,1562
Bad,1563
Bad,1564
Bad,1565
Bad,1566
Bad,1567
Bad,1568
Bad,1569
Bad,1570
Bad,1571
Bad,1572
Bad,1573
Bad,1574
Bad,1575
Bad,1576
Bad,1577
Bad,1578
Bad,1579
Bad,1580
Bad,1581
Bad,1582
Bad,1583
Bad,1584
Bad,1585
Bad,1586
Bad,1587
Bad,1588
Bad,1589
Bad,1590
Bad,1591
Bad,1592
Bad,1593
Bad,1594
Bad,1595
Bad,1596
Bad,1597
Bad,1598
Bad,1599
Bad,1600
Bad,1601
Bad,1602
Bad,1603
Bad,1604
Bad,1605
Bad,1606
Bad,1607
Bad,1608
Bad,1609
Bad,1610
Bad,1611
Bad,1612
Bad,1613
Bad,1614
Bad,1615
Bad,1616
Bad,1617
Bad,1618
Bad,1619
Bad,1620
Bad,1621
Bad,1622
Bad,1623
Bad,1624
Bad,1625
Bad,1626
Bad,1627
Bad,1628
Bad,1629
Bad,1630
Bad,1631
Bad,1632
Bad,1633
Bad,1634
Bad,1635
Bad,1636
Bad,1637
Bad,1638
Bad,1639
Bad,1640
Bad,1641
Bad,1642
Bad,1643
Bad,1644
Bad,1645
Bad,1646
Bad,1647
Bad,1648
Bad,1649
Bad,1650
Bad,1651
Bad,1652
Bad,1653
Bad,1654
Bad,1655
Bad,1656
Bad,1657
Bad,1658
Bad,1659
Bad,1660
Bad,1661
Bad,1662
Bad,1663
Bad,1664
Bad,1665
Bad,1666
Bad,1667
Bad,1668
Bad,1669
Bad,1670
Bad,1671
Bad,1672
Bad,1673
Bad,1674
Bad,1675
Bad,1676
Bad,1677
Bad,1678
Bad,1679
Bad,1680
Bad,1681
Bad,1682
Bad,1683
Bad,1684
Bad,1685
Bad,1686
Bad,1687
Bad,1688
Bad,1689
Bad,1690
Bad,1691
Bad,1692
Bad,1693
Bad,1694
Bad,1695
Bad,1696
Bad,1697
Bad,1698
Bad,1699
Bad,1700
Bad,1701
Bad,1702
Bad,1703
Bad,1704
Bad,1705
Bad,1706
Bad,1707
Bad,1708
Bad,1709
Bad,1710
Bad,1711
Bad,1712
Bad,1713
Bad,1714
Bad,1715
Bad,1716
Bad,1717
Bad,1718
Bad,1719
Bad,1720
Bad,1721
Bad,1722
Bad,1723
Bad,1724
Bad,1725
Bad,1726
Bad,1727
Bad,1728
Bad,1729
Bad,1730
Bad,1731
Bad,1732
Bad,1733
Bad,1734
Bad,1735
Bad,1736
Bad,1737
Bad,1738
Bad,1739
Bad,1740
Bad,1741
Bad,1742
Bad,1743
Bad,1744
Bad,1745
Bad,1746
Bad,1747
Bad,1748
Bad,1749
Bad,1750
Bad,1751
Bad,1752
Bad,1753
Bad,1754
Bad,1755
Bad,1756
Bad,1757
Bad,1758
Bad,1759
Bad,1760
Bad,1761
Bad,1762
Bad,1763
Bad,1764
Bad,1765
Bad,1766
Bad,1767
Bad,1768
Bad,1769
Bad,1770
Bad,1771
Bad,1772
Bad,1773
Bad,1774
Bad,1775
Bad,1776
Bad,1777
Bad,1778
Bad,1779
Bad,1780
Bad,1781
Bad,1782
Bad,1783
Bad,1784
Bad,1785
Bad,1786
Bad,1787
Bad,1788
Bad,1789
Bad,1790
Bad,1791
Bad,1792
Bad,1793
Bad,1794
Bad,1795
Bad,1796
Bad,1797
Bad,1798
Bad,1799
Bad,1800
Bad,1801
Bad,1802
Bad,1803
Bad,1804
Bad,1805
Bad,1806
Bad,1807
Bad,1808
Bad,1809
Bad,1810
Bad,1811
Bad,1812
Bad,1813
Bad,1814
Bad,1815
Bad,1816
Bad,1817
Bad,1818
Bad,1819
Bad,1820
Bad,1821
Bad,1822
Bad,1823
Bad,1824
Bad,1825
Bad,1826
Bad,1827
Bad,1828
Bad,1829
Bad,1830
Bad,1831
Bad,1832
Bad,1833
Bad,1834
Bad,1835
Bad,1836
Bad,1837
Bad,1838
Bad,1839
Bad,1840
Bad,1841
Bad,1842
Bad,1843
Bad,1844
Bad,1845
Bad,1846
Bad,1847
Bad,1848
Bad,1849
Bad,1850
Bad,1851
Bad,1852
Bad,1853
Bad,1854
Bad,1855
Bad,1856
Bad,1857
Bad,1858
Bad,1859
Bad,1860
Bad,1861
Bad,1862
Bad,1863
Bad,1864
Bad,1865
Bad,1866
Bad,1867
Bad,1868
Bad,1869
Bad,1870
Bad,1871
Bad,1872
Bad,1873
Bad,1874
Bad,1875
Bad,1876
Bad,1877
Bad,1878
Bad,1879
Bad,1880
Bad,1881
Bad,1882
Bad,1883
Bad,1884
Bad,1885
Bad,1886
Bad,1887
Bad,1888
Bad,1889
Bad,1890
Bad,1891
Bad,1892
Bad,1893
Bad,1894
Bad,1895
Bad,1896
Bad,1897
Bad,1898
Bad,1899
Bad,1900
Bad,1901
Bad,1902
Bad,1903
Bad,1904
Bad,1905
Bad,1906
Bad,1907
Bad,1908
Bad,1909
Bad,1910
Bad,1911
Bad,1912
Bad,1913
Bad,1914
Bad,1915
Bad,1916
Bad,1917
Bad,1918
Bad,1919
Bad,1920
Bad,1921
Bad,1922
Bad,1923
Bad,1924
Bad,1925
Bad,1926
Bad,1927
Bad,1928
Bad,1929
Bad,1930
Bad,1931
Bad,1932
Bad,1933
Bad,1934
Bad,1935
Bad,1936
Bad,1937
Bad,1938
Bad,1939
Bad,1940
Bad,1941
Bad,1942
Bad,1943
Bad,1944
Bad,1945
Bad,1946
Bad,1947
Bad,1948
Bad,1949
Bad,1950
Bad,1951
Bad,1952
Bad,1953
Bad,1954
Bad,1955
Bad,1956
Bad,1957
Bad,1958
Bad,1959
Bad,1960
Bad,1961
Bad,1962
Bad,1963
Bad,1964
Bad,1965
Bad,1966
Bad,1967
Bad,1968
Bad,1969
Bad,1970
Bad,1971
Bad,1972
Bad,1973
Bad,1974
Bad,1975
Bad,1976
Bad,1977
Bad,1978
Bad,1979
Bad,1980
Bad,1981
Bad,1982
Bad,1983
Bad,1984
Bad,1985
Bad,1986
Bad,1987
Bad,1988
Bad,1989
Bad,1990
Bad,1991
Bad,1992
Bad,1993
Bad,1994
Bad,1995
Bad,1996
Bad,1997
Bad,1998
Bad,1999
Bad,2000
Bad,2001
Bad,2002
Bad,2003
Bad,2004
Bad,2005
Bad,2006
Bad,2007
Bad,2008
Bad,2009
Bad,2010
Bad,2011
Bad,2012
Bad,2013
Bad,2014
Bad,2015
Bad,2016
Bad,2017
Bad,2018
Bad,2019
Bad,2020
Bad,2021
Bad,2022
Bad,2023
Bad,2024
Bad,2025
Bad,2026
Bad,2027
Bad,2028
Bad,2029
Bad,2030
Bad,2031
Bad,2032
Bad,2033
Bad,2034
Bad,2035
Bad,2036
Bad,2037
Bad,2038
Bad,2039
Bad,2040
Bad,2041
Bad,2042
Bad,2043
Bad,2044
Bad,2045
Bad,2046
Bad,2047
Bad,2048
Bad,2049
Bad,2050
Bad,2051
Bad,2052
Bad,2053
Bad,2054
Bad,2055
Bad,2056
Bad,2057
Bad,2058
Bad,2059
Bad,2060
Bad,2061
Bad,2062
Bad,2063
Bad,2064
Bad,2065
Bad,2066
Bad,2067
Bad,2068
Bad,2069
Bad,2070
Bad,2071
Bad,2072
Bad,2073
Bad,2074
Bad,2075
Bad,2076
Bad,2077
Bad,2078
Bad,2079
Bad,2080
Bad,2081
Bad,2082
Bad,2083
Bad,2084
Bad,2085
Bad,2086
Bad,2087
Bad,2088
Bad,2089
Bad,2090
Bad,2091
Bad,2092
Bad,2093
Bad,2094
Bad,2095
Bad,2096
Bad,2097
Bad,2098
Bad,2099
Bad,2100
Bad,2101
Bad,2102
Bad,2103
Bad,2104
Bad,2105
Bad,2106
Bad,2107
Bad,2108
Bad,2109
Bad,2110
Bad,2111
Bad,2112
Bad,2113
Bad,2114
Bad,2115
Bad,2116
Bad,2117
Bad,2118
Bad,2119
Bad,2120
Bad,2121
Bad,2122
Bad,2123
Bad,2124
Bad,2125
Bad,2126
Bad,2127
Bad,2128
Bad,2129
Bad,2130
Bad,2131
Bad,2132
Bad,2133
Bad,2134
Bad,2135
Bad,2136
Bad,2137
Bad,2138
Bad,2139
Bad,2140
Bad,2141
Bad,2142
Bad,2143
Bad,2144
Bad,2145
Bad,2146
Bad,2147
Bad,2148
Bad,2149
Bad,2150
Bad,2151
Bad,2152
Bad,2153
Bad,2154
Bad,2155
Bad,2156
Bad,2157
Bad,2158
Bad,2159
Bad,2160
Bad,2161
Bad,2162
Bad,2163
Bad,2164
Bad,2165
Bad,2166
Bad,2167
Bad,2168
Bad,2169
Bad,2170
Bad,2171
Bad,2172
Bad,2173
Bad,2174
Bad,2175
Bad,2176
Bad,2177
Bad,2178
Bad,2179
Bad,2180
Bad,2181
Bad,2182
Bad,2183
Bad,2184
Bad,2185
Bad,2186
Bad,2187
Bad,2188
Bad,2189
Bad,2190
Bad,2191
Bad,2192
Bad,2193
Bad,2194
Bad,2195
Bad,2196
Bad,2197
Bad,2198
Bad,2199
Bad,2200
Bad,2201
Bad,2202
Bad,2203
Bad,2204
Bad,2205
Bad,2206
Bad,2207
Bad,2208
Bad,2209
Bad,2210
Bad,2211
Bad,2212
Bad,2213
Bad,2214
Bad,2215
Bad,2216
Bad,2217
Bad,2218
Bad,2219
Bad,2220
Bad,2221
Bad,2222
Bad,2223
Bad,2224
Bad,2225
Bad,2226
Bad,2227
Bad,2228
Bad,2229
Bad,2230
Bad,2231
Bad,2232
Bad,2233
Bad,2234
Bad,2235
Bad,2236
Bad,2237
Bad,2238
Bad,2239
Bad,2240
Bad,2241
Bad,2242
Bad,2243
Bad,2244
Bad,2245
Bad,2246
Bad,2247
Bad,2248
Bad,2249
Bad,2250
Bad,2251
Bad,2252
Bad,2253
Bad,2254
Bad,2255
Bad,2256
Bad,2257
Bad,2258
Bad,2259
Bad,2260
Bad,2261
Bad,2262
Bad,2263
Bad,2264
Bad,2265
Bad,2266
Bad,2267
Bad,2268
Bad,2269
Bad,2270
Bad,2271
Bad,2272
Bad,2273
Bad,2274
Bad,2275
Bad,2276
Bad,2277
Bad,2278
Bad,2279
Bad,2280
Bad,2281
Bad,2282
Bad,2283
Bad,2284
Bad,2285
Bad,2286
Bad,2287
Bad,2288
Bad,2289
Bad,2290
Bad,2291
Bad,2292
Bad,2293
Bad,2294
Bad,2295
Bad,2296
Bad,2297
Bad,2298
Bad,2299
Bad,2300
Bad,2301
Bad,2302
Bad,2303
Bad,2304
Bad,2305
Bad,2306
Bad,2307
Bad,2308
Bad,2309
Bad,2310
Bad,2311
Bad,2312
Bad,2313
Bad,2314
Bad,2315
Bad,2316
Bad,2317
Bad,2318
Bad,2319
Bad,2320
Bad,2321
Bad,2322
Bad,2323
Bad,2324
Bad,2325
Bad,2326
Bad,2327
Bad,2328
Bad,2329
Bad,2330
Bad,2331
Bad,2332
Bad,2333
Bad,2334
Bad,2335
Bad,2336
Bad,2337
Bad,2338
Bad,2339
Bad,2340
Bad,2341
Bad,2342
Bad,2343
Bad,2344
Bad,2345
Bad,2346
Bad,2347
Bad,2348
Bad,2349
Bad,2350
Bad,2351
Bad,2352
Bad,2353
Bad,2354
Bad,2355
Bad,2356
Bad,2357
Bad,2358
Bad,2359
Bad,2360
Bad,2361
Bad,2362
Bad,2363
Bad,2364
Bad,2365
Bad,2366
Bad,2367
Bad,2368
Bad,2369
Bad,2370
Bad,2371
Bad,2372
Bad,2373
Bad,2374
Bad,2375
Bad,2376
Bad,2377
Bad,2378
Bad,2379
Bad,2380
Bad,2381
Bad,2382
Bad,2383
Bad,2384
Bad,2385
Bad,2386
Bad,2387
Bad,2388
Bad,2389
Bad,2390
Bad,2391
Bad,2392
Bad,2393
Bad,2394
Bad,2395
Bad,2396
Bad,2397
Bad,2398
Bad,2399
Bad,2400
Bad,2401
Bad,2402
Bad,2403
Bad,2404
Bad,2405
Bad,2406
Bad,2407
Bad,2408
Bad,2409
Bad,2410
Bad,2411
Bad,2412
Bad,2413
Bad,2414
Bad,2415
Bad,2416
Bad,2417
Bad,2418
Bad,2419
Bad,2420
Bad,2421
Bad,2422
Bad,2423
Bad,2424
Bad,2425
Bad,2426
Bad,2427
Bad,2428
Bad,2429
Bad,2430
Bad,2431
Bad,2432
Bad,2433
Bad,2434
Bad,2435
Bad,2436
Bad,2437
Bad,2438
Bad,2439
Bad,2440
Bad,2441
Bad,2442
Bad,2443
Bad,2444
Bad,2445
Bad,2446
Bad,2447
Bad,2448
Bad,2449
Bad,2450
Bad,2451
Bad,2452
Bad,2453
Bad,2454
Bad,2455
Bad,2456
Bad,2457
Bad,2458
Bad,2459
Bad,2460
Bad,2461
Bad,2462
Bad,2463
Bad,2464
Bad,2465
Bad,2466
Bad,2467
Bad,2468
Bad,2469
Bad,2470
Bad,2471
Bad,2472
Bad,2473
Bad,2474
Bad,2475
Bad,2476
Bad,2477
Bad,2478
Bad,2479
Bad,2480
Bad,2481
Bad,2482
Bad,2483
Bad,2484
Bad,2485
Bad,2486
Bad,2487
Bad,2488
Bad,2489
Bad,2490
Bad,2491
Bad,2492
Bad,2493
Bad,2494
Bad,2495
Bad,2496
Bad,2497
Bad,2498
Bad,2499
Bad,2500
Bad,2501
Bad,2502
Bad,2503
Bad,2504
Bad,2505
Bad,2506
Bad,2507
Bad,2508
Bad,2509
Bad,2510
Bad,2511
Bad,2512
Bad,2513
Bad,2514
Bad,2515
Bad,2516
Bad,2517
Bad,2518
Bad,2519
Bad,2520
Bad,2521
Bad,2522
Bad,2523
Bad,2524
Bad,2525
Bad,2526
Bad,2527
Bad,2528
Bad,2529
Bad,2530
Bad,2531
Bad,2532
Bad,2533
Bad,2534
Bad,2535
Bad,2536
Bad,2537
Bad,2538
Bad,2539
Bad,2540
Bad,2541
Bad,2542
Bad,2543
Bad,2544
Bad,2545
Bad,2546
Bad,2547
Bad,2548
Bad,2549
Bad,2550
Bad,2551
Bad,2552
Bad,2553
Bad,2554
Bad,2555
Bad,2556
Bad,2557
Bad,2558
Bad,2559
Bad,2560
Bad,2561
Bad,2562
Bad,2563
Bad,2564
Bad,2565
Bad,2566
Bad,2567
Bad,2568
Bad,2569
Bad,2570
Bad,2571
Bad,2572
Bad,2573
Bad,2574
Bad,2575
Bad,2576
Bad,2577
Bad,2578
Bad,2579
Bad,2580
Bad,2581
Bad,2582
Bad,2583
Bad,2584
Bad,2585
Bad,2586
Bad,2587
Bad,2588
Bad,2589
Bad,2590
Bad,2591
Bad,2592
Bad,2593
Bad,2594
Bad,2595
Bad,2596
Bad,2597
Bad,2598
Bad,2599
Bad,2600
Bad,2601
Bad,2602
Bad,2603
Bad,2604
Bad,2605
Bad,2606
Bad,2607
Bad,2608
Bad,2609
Bad,2610
Bad,2611
Bad,2612
Bad,2613
Bad,2614
Bad,2615
Bad,2616
Bad,2617
Bad,2618
Bad,2619
Bad,2620
Bad,2621
Bad,2622
Bad,2623
Bad,2624
Bad,2625
Bad,2626
Bad,2627
Bad,2628
Bad,2629
Bad,2630
Bad,2631
Bad,2632
Bad,2633
Bad,2634
Bad,2635
Bad,2636
Bad,2637
Bad,2638
Bad,2639
Bad,2640
Bad,2641
Bad,2642
Bad,2643
Bad,2644
Bad,2645
Bad,2646
Bad,2647
Bad,2648
Bad,2649
Bad,2650
Bad,2651
Bad,2652
Bad,2653
Bad,2654
Bad,2655
Bad,2656
Bad,2657
Bad,2658
Bad,2659
Bad,2660
Bad,2661
Bad,2662
Bad,2663
Bad,2664
Bad,2665
Bad,2666
Bad,2667
Bad,2668
Bad,2669
Bad,2670
Bad,2671
Bad,2672
Bad,2673
Bad,2674
Bad,2675
Bad,2676
Bad,2677
Bad,2678
Bad,2679
Bad,2680
Bad,2681
Bad,2682
Bad,2683
Bad,2684
Bad,2685
Bad,2686
Bad,2687
Bad,2688
Bad,2689
Bad,2690
Bad,2691
Bad,2692
Bad,2693
Bad,2694
Bad,2695
Bad,2696
Bad,2697
Bad,2698
Bad,2699
Bad,2700
Bad,2701
Bad,2702
Bad,2703
Bad,2704
Bad,2705
Bad,2706
Bad,2707
Bad,2708
Bad,2709
Bad,2710
Bad,2711
Bad,2712
Bad,2713
Bad,2714
Bad,2715
Bad,2716
Bad,2717
Bad,2718
Bad,2719
Bad,2720
Bad,2721
Bad,2722
Bad,2723
Bad,2724
Bad,2725
Bad,2726
Bad,2727
Bad,2728
Bad,2729
Bad,2730
Bad,2731
Bad,2732
Bad,2733
Bad,2734
Bad,2735
Bad,2736
Bad,2737
Bad,2738
Bad,2739
Bad,2740
Bad,2741
Bad,2742
Bad,2743
Bad,2744
Bad,2745
Bad,2746
Bad,2747
Bad,2748
Bad,2749
Bad,2750
Bad,2751
Bad,2752
Bad,2753
Bad,2754
Bad,2755
Bad,2756
Bad,2757
Bad,2758
Bad,2759
Bad,2760
Bad,2761
Bad,2762
Bad,2763
Bad,2764
Bad,2765
Bad,2766
Bad,2767
Bad,2768
Bad,2769
Bad,2770
Bad,2771
Bad,2772
Bad,2773
Bad,2774
Bad,2775
Bad,2776
Bad,2777
Bad,2778
Bad,2779
Bad,2780
Bad,2781
Bad,2782
Bad,2783
Bad,2784
Bad,2785
Bad,2786
Bad,2787
Bad,2788
Bad,2789
Bad,2790
Bad,2791
Bad,2792
Bad,2793
Bad,2794
Bad,2795
Bad,2796
Bad,2797
Bad,2798
Bad,2799
Bad,2800
Bad,2801
Bad,2802
Bad,2803
Bad,2804
Bad,2805
Bad,2806
Bad,2807
Bad,2808
Bad,2809
Bad,2810
Bad,2811
Bad,2812
Bad,2813
Bad,2814
Bad,2815
Bad,2816
Bad,2817
Bad,2818
Bad,2819
Bad,2820
Bad,2821
Bad,2822
Bad,2823
Bad,2824
Bad,2825
Bad,2826
Bad,2827
Bad,2828
Bad,2829
Bad,2830
Bad,2831
Bad,2832
Bad,2833
Bad,2834
Bad,2835
Bad,2836
Bad,2837
Bad,2838
Bad,2839
Bad,2840
Bad,2841
Bad,2842
Bad,2843
Bad,2844
Bad,2845
Bad,2846
Bad,2847
Bad,2848
Bad,2849
Bad,2850
Bad,2851
Bad,2852
Bad,2853
Bad,2854
Bad,2855
Bad,2856
Bad,2857
Bad,2858
Bad,2859
Bad,2860
Bad,2861
Bad,2862
Bad,2863
Bad,2864
Bad,2865
Bad,2866
Bad,2867
Bad,2868
Bad,2869
Bad,2870
Bad,2871
Bad,2872
Bad,2873
Bad,2874
Bad,2875
Bad,2876
Bad,2877
Bad,2878
Bad,2879
Bad,2880
Bad,2881
Bad,2882
Bad,2883
Bad,2884
Bad,2885
Bad,2886
Bad,2887
Bad,2888
Bad,2889
Bad,2890
Bad,2891
Bad,2892
Bad,2893
Bad,2894
Bad,2895
Bad,2896
Bad,2897
Bad,2898
Bad,2899
Bad,2900
Bad,2901
Bad,2902
Bad,2903
Bad,2904
Bad,2905
Bad,2906
Bad,2907
Bad,2908
Bad,2909
Bad,2910
Bad,2911
Bad,2912
Bad,2913
Bad,2914
Bad,2915
Bad,2916
Bad,2917
Bad,2918
Bad,2919
Bad,2920
Bad,2921
Bad,2922
Bad,2923
Bad,2924
Bad,2925
Bad,2926
Bad,2927
Bad,2928
Bad,2929
Bad,2930
Bad,2931
Bad,2932
Bad,2933
Bad,2934
Bad,2935
Bad,2936
Bad,2937
Bad,2938
Bad,2939
Bad,2940
Bad,2941
Bad,2942
Bad,2943
Bad,2944
Bad,2945
Bad,2946
Bad,2947
Bad,2948
Bad,2949
Bad,2950
Bad,2951
Bad,2952
Bad,2953
Bad,2954
Bad,2955
Bad,2956
Bad,2957
Bad,2958
Bad,2959
Bad,2960
Bad,2961
Bad,2962
Bad,2963
Bad,2964
Bad,2965
Bad,2966
Bad,2967
Bad,2968
Bad,2969
Bad,2970
Bad,2971
Bad,2972
Bad,2973
Bad,2974
Bad,2975
Bad,2976
Bad,2977
Bad,2978
Bad,2979
Bad,2980
Bad,2981
Bad,2982
Bad,2983
Bad,2984
Bad,2985
Bad,2986
Bad,2987
Bad,2988
Bad,2989
Bad,2990
Bad,2991
Bad,2992
Bad,2993
Bad,2994
Bad,2995
Bad,2996
Bad,2997
Bad,2998
Bad,2999
Bad,3000
Bad,3001
Bad,3002
Bad,3003
Bad,3004
Bad,3005
Bad,3006
Bad,3007
Bad,3008
Bad,3009
Bad,3010
Bad,3011
Bad,3012
Bad,3013
Bad,3014
Bad,3015
Bad,3016
Bad,3017
Bad,3018
Bad,3019
Bad,3020
Bad,3021
Bad,3022
Bad,3023
Bad,3024
Bad,3025
Bad,3026
Bad,3027
Bad,3028
Bad,3029
Bad,3030
Bad,3031
Bad,3032
Bad,3033
Bad,3034
Bad,3035
Bad,3036
Bad,3037
Bad,3038
Bad,3039
Bad,3040
Bad,3041
Bad,3042
Bad,3043
Bad,3044
Bad,3045
Bad,3046
Bad,3047
Bad,3048
Bad,3049
Bad,3050
Bad,3051
Bad,3052
Bad,3053
Bad,3054
Bad,3055
Bad,3056
Bad,3057
Bad,3058
Bad,3059
Bad,3060
Bad,3061
Bad,3062
Bad,3063
Bad,3064
Bad,3065
Bad,3066
Bad,3067
Bad,3068
Bad,3069
Bad,3070
Bad,3071
Bad,3072
Bad,3073
Bad,3074
Bad,3075
Bad,3076
Bad,3077
Bad,3078
Bad,3079
Bad,3080
Bad,3081
Bad,3082
Bad,3083
Bad,3084
Bad,3085
Bad,3086
Bad,3087
Bad,3088
Bad,3089
Bad,3090
Bad,3091
Bad,3092
Bad,3093
Bad,3094
Bad,3095
Bad,3096
Bad,3097
Bad,3098
Bad,3099
Bad,3100
Bad,3101
Bad,3102
Bad,3103
Bad,3104
Bad,3105
Bad,3106
Bad,3107
Bad,3108
Bad,3109
Bad,3110
Bad,3111
Bad,3112
Bad,3113
Bad,3114
Bad,3115
Bad,3116
Bad,3117
Bad,3118
Bad,3119
Bad,3120
Bad,3121
Bad,3122
Bad,3123
Bad,3124
Bad,3125
Bad,3126
Bad,3127
Bad,3128
Bad,3129
Bad,3130
Bad,3131
Bad,3132
Bad,3133
Bad,3134
Bad,3135
Bad,3136
Bad,3137
Bad,3138
Bad,3139
Bad,3140
Bad,3141
Bad,3142
Bad,3143
Bad,3144
Bad,3145
Bad,3146
Bad,3147
Bad,3148
Bad,3149
Bad,3150
Bad,3151
Bad,3152
Bad,3153
Bad,3154
Bad,3155
Bad,3156
Bad,3157
Bad,3158
Bad,3159
Bad,3160
Bad,3161
Bad,3162
Bad,3163
Bad,3164
Bad,3165
Bad,3166
Bad,3167
Bad,3168
Bad,3169
Bad,3170
Bad,3171
Bad,3172
Bad,3173
Bad,3174
Bad,3175
Bad,3176
Bad,3177
Bad,3178
Bad,3179
Bad,3180
Bad,3181
Bad,3182
Bad,3183
Bad,3184
Bad,3185
Bad,3186
Bad,3187
Bad,3188
Bad,3189
Bad,3190
Bad,3191
Bad,3192
Bad,3193
Bad,3194
Bad,3195
Bad,3196
Bad,3197
Bad,3198
Bad,3199
Bad,3200
Bad,3201
Bad,3202
Bad,3203
Bad,3204
Bad,3205
Bad,3206
Bad,3207
Bad,3208
Bad,3209
Bad,3210
Bad,3211
Bad,3212
Bad,3213
Bad,3214
Bad,3215
Bad,3216
Bad,3217
Bad,3218
Bad,3219
Bad,3220
Bad,3221
Bad,3222
Bad,3223
Bad,3224
Bad,3225
Bad,3226
Bad,3227
Bad,3228
Bad,3229
Bad,3230
Bad,3231
Bad,3232
Bad,3233
Bad,3234
Bad,3235
Bad,3236
Bad,3237
Bad,3238
Bad,3239
Bad,3240
Bad,3241
Bad,3242
Bad,3243
Bad,3244
Bad,3245
Bad,3246
Bad,3247
Bad,3248
Bad,3249
Bad,3250
Bad,3251
Bad,3252
Bad,3253
Bad,3254
Bad,3255
Bad,3256
Bad,3257
Bad,3258
Bad,3259
Bad,3260
Bad,3261
Bad,3262
Bad,3263
Bad,3264
Bad,3265
Bad,3266
Bad,3267
Bad,3268
Bad,3269
Bad,3270
Bad,3271
Bad,3272
Bad,3273
Bad,3274
Bad,3275
Bad,3276
Bad,3277
Bad,3278
Bad,3279
Bad,3280
Bad,3281
Bad,3282
Bad,3283
Bad,3284
Bad,3285
Bad,3286
Bad,3287
Bad,3288
Bad,3289
Bad,3290
Bad,3291
Bad,3292
Bad,3293
Bad,3294
Bad,3295
Bad,3296
Bad,3297
Bad,3298
Bad,3299
Bad,3300
Bad,3301
Bad,3302
Bad,3303
Bad,3304
Bad,3305
Bad,3306
Bad,3307
Bad,3308
Bad,3309
Bad,3310
Bad,3311
Bad,3312
Bad,3313
Bad,3314
Bad,3315
Bad,3316
Bad,3317
Bad,3318
Bad,3319
Bad,3320
Bad,3321
Bad,3322
Bad,3323
Bad,3324
Bad,3325
Bad,3326
Bad,3327
Bad,3328
Bad,3329
Bad,3330
Bad,3331
Bad,3332
Bad,3333
Bad,3334
Bad,3335
Bad,3336
Bad,3337
Bad,3338
Bad,3339
Bad,3340
Bad,3341
Bad,3342
Bad,3343
Bad,3344
Bad,3345
Bad,3346
Bad,3347
Bad,3348
Bad,3349
Bad,3350
Bad,3351
Bad,3352
Bad,3353
Bad,3354
Bad,3355
Bad,3356
Bad,3357
Bad,3358
Bad,3359
Bad,3360
Bad,3361
Bad,3362
Bad,3363
Bad,3364
Bad,3365
Bad,3366
Bad,3367
Bad,3368
Bad,3369
Bad,3370
Bad,3371
Bad,3372
Bad,3373
Bad,3374
Bad,3375
Bad,3376
Bad,3377
Bad,3378
Bad,3379
Bad,3380
Bad,3381
Bad,3382
Bad,3383
Bad,3384
Bad,3385
Bad,3386
Bad,3387
Bad,3388
Bad,3389
Bad,3390
Bad,3391
Bad,3392
Bad,3393
Bad,3394
Bad,3395
Bad,3396
Bad,3397
Bad,3398
Bad,3399
Bad,3400
Bad,3401
Bad,3402
Bad,3403
Bad,3404
Bad,3405
Bad,3406
Bad,3407
Bad,3408
Bad,3409
Bad,3410
Bad,3411
Bad,3412
Bad,3413
Bad,3414
Bad,3415
Bad,3416
Bad,3417
Bad,3418
Bad,3419
Bad,3420
Bad,3421
Bad,3422
Bad,3423
Bad,3424
Bad,3425
Bad,3426
Bad,3427
Bad,3428
Bad,3429
Bad,3430
Bad,3431
Bad,3432
Bad,3433
Bad,3434
Bad,3435
Bad,3436
Bad,3437
Bad,3438
Bad,3439
Bad,3440
Bad,3441
Bad,3442
Bad,3443
Bad,3444
Bad,3445
Bad,3446
Bad,3447
Bad,3448
Bad,3449
Bad,3450
Bad,3451
Bad,3452
Bad,3453
Bad,3454
Bad,3455
Bad,3456
Bad,3457
Bad,3458
Bad,3459
Bad,3460
Bad,3461
Bad,3462
Bad,3463
Bad,3464
Bad,3465
Bad,3466
Bad,3467
Bad,3468
Bad,3469
Bad,3470
Bad,3471
Bad,3472
Bad,3473
Bad,3474
Bad,3475
Bad,3476
Bad,3477
Bad,3478
Bad,3479
Bad,3480
Bad,3481
Bad,3482
Bad,3483
Bad,3484
Bad,3485
Bad,3486
Bad,3487
Bad,3488
Bad,3489
Bad,3490
Bad,3491
Bad,3492
Bad,3493
Bad,3494
Bad,3495
Bad,3496
Bad,3497
Bad,3498
Bad,3499
Bad,3500
Bad,3501
Bad,3502
Bad,3503
Bad,3504
Bad,3505
Bad,3506
Bad,3507
Bad,3508
Bad,3509
Bad,3510
Bad,3511
Bad,3512
Bad,3513
Bad,3514
Bad,3515
Bad,3516
Bad,3517
Bad,3518
Bad,3519
Bad,3520
Bad,3521
Bad,3522
Bad,3523
Bad,3524
Bad,3525
Bad,3526
Bad,3527
Bad,3528
Bad,3529
Bad,3530
Bad,3531
Bad,3532
Bad,3533
Bad,3534
Bad,3535
Bad,3536
Bad,3537
Bad,3538
Bad,3539
Bad,3540
Bad,3541
Bad,3542
Bad,3543
Bad,3544
Bad,3545
Bad,3546
Bad,3547
Bad,3548
Bad,3549
Bad,3550
Bad,3551
Bad,3552
Bad,3553
Bad,3554
Bad,3555
Bad,3556
Bad,3557
Bad,3558
Bad,3559
Bad,3560
Bad,3561
Bad,3562
Bad,3563
Bad,3564
Bad,3565
Bad,3566
Bad,3567
Bad,3568
Bad,3569
Bad,3570
Bad,3571
Bad,3572
Bad,3573
Bad,3574
Bad,3575
Bad,3576
Bad,3577
Bad,3578
Bad,3579
Bad,3580
Bad,3581
Bad,3582
Bad,3583
Bad,3584
Bad,3585
Bad,3586
Bad,3587
Bad,3588
Bad,3589
Bad,3590
Bad,3591
Bad,3592
Bad,3593
Bad,3594
Bad,3595
Bad,3596
Bad,3597
Bad,3598
Bad,3599
Bad,3600
Bad,3601
Bad,3602
Bad,3603
Bad,3604
Bad,3605
Bad,3606
Bad,3607
Bad,3608
Bad,3609
Bad,3610
Bad,3611
Bad,3612
Bad,3613
Bad,3614
Bad,3615
Bad,3616
Bad,3617
Bad,3618
Bad,3619
Bad,3620
Bad,3621
Bad,3622
Bad,3623
Bad,3624
Bad,3625
Bad,3626
Bad,3627
Bad,3628
Bad,3629
Bad,3630
Bad,3631
Bad,3632
Bad,3633
Bad,3634
Bad,3635
Bad,3636
Bad,3637
Bad,3638
Bad,3639
Bad,3640
Bad,3641
Bad,3642
Bad,3643
Bad,3644
Bad,3645
Bad,3646
Bad,3647
Bad,3648
Bad,3649
Bad,3650
Bad,3651
Bad,3652
Bad,3653
Bad,3654
Bad,3655
Bad,3656
Bad,3657
Bad,3658
Bad,3659
Bad,3660
Bad,3661
Bad,3662
Bad,3663
Bad,3664
Bad,3665
Bad,3666
Bad,3667
Bad,3668
Bad,3669
Bad,3670
Bad,3671
Bad,3672
Bad,3673
Bad,3674
Bad,3675
Bad,3676
Bad,3677
Bad,3678
Bad,3679
Bad,3680
Bad,3681
Bad,3682
Bad,3683
Bad,3684
Bad,3685
Bad,3686
Bad,3687
Bad,3688
Bad,3689
Bad,3690
Bad,3691
Bad,3692
Bad,3693
Bad,3694
Bad,3695
Bad,3696
Bad,3697
Bad,3698
Bad,3699
Bad,3700
Bad,3701
Bad,3702
Bad,3703
Bad,3704
Bad,3705
Bad,3706
Bad,3707
Bad,3708
Bad,3709
Bad,3710
Bad,3711
Bad,3712
Bad,3713
Bad,3714
Bad,3715
Bad,3716
Bad,3717
Bad,3718
Bad,3719
Bad,3720
Bad,3721
Bad,3722
Bad,3723
Bad,3724
Bad,3725
Bad,3726
Bad,3727
Bad,3728
Bad,3729
Bad,3730
Bad,3731
Bad,3732
Bad,3733
Bad,3734
Bad,3735
Bad,3736
Bad,3737
Bad,3738
Bad,3739
Bad,3740
Bad,3741
Bad,3742
Bad,3743
Bad,3744
Bad,3745
Bad,3746
Bad,3747
Bad,3748
Bad,3749
Bad,3750
Bad,3751
Bad,3752
Bad,3753
Bad,3754
Bad,3755
Bad,3756
Bad,3757
Bad,3758
Bad,3759
Bad,3760
Bad,3761
Bad,3762
Bad,3763
Bad,3764
Bad,3765
Bad,3766
Bad,3767
Bad,3768
Bad,3769
Bad,3770
Bad,3771
Bad,3772
Bad,3773
Bad,3774
Bad,3775
Bad,3776
Bad,3777
Bad,3778
Bad,3779
Bad,3780
Bad,3781
Bad,3782
Bad,3783
Bad,3784
Bad,3785
Bad,3786
Bad,3787
Bad,3788
Bad,3789
Bad,3790
Bad,3791
Bad,3792
Bad,3793
Bad,3794
Bad,3795
Bad,3796
Bad,3797
Bad,3798
Bad,3799
Bad,3800
Bad,3801
Bad,3802
Bad,3803
Bad,3804
Bad,3805
Bad,3806
Bad,3807
Bad,3808
Bad,3809
Bad,3810
Bad,3811
Bad,3812
Bad,3813
Bad,3814
Bad,3815
Bad,3816
Bad,3817
Bad,3818
Bad,3819
Bad,3820
Bad,3821
Bad,3822
Bad,3823
Bad,3824
Bad,3825
Bad,3826
Bad,3827
Bad,3828
Bad,3829
Bad,3830
Bad,3831
Bad,3832
Bad,3833
Bad,3834
Bad,3835
Bad,3836
Bad,3837
Bad,3838
Bad,3839
Bad,3840
Bad,3841
Bad,3842
Bad,3843
Bad,3844
Bad,3845
Bad,3846
Bad,3847
Bad,3848
Bad,3849
Bad,3850
Bad,3851
Bad,3852
Bad,3853
Bad,3854
Bad,3855
Bad,3856
Bad,3857
Bad,3858
Bad,3859
Bad,3860
Bad,3861
Bad,3862
Bad,3863
Bad,3864
Bad,3865
Bad,3866
Bad,3867
Bad,3868
Bad,3869
Bad,3870
Bad,3871
Bad,3872
Bad,3873
Bad,3874
Bad,3875
Bad,3876
Bad,3877
Bad,3878
Bad,3879
Bad,3880
Bad,3881
Bad,3882
Bad,3883
Bad,3884
Bad,3885
Bad,3886
Bad,3887
Bad,3888
Bad,3889
Bad,3890
Bad,3891
Bad,3892
Bad,3893
Bad,3894
Bad,3895
Bad,3896
Bad,3897
Bad,3898
Bad,3899
Bad,3900
Bad,3901
Bad,3902
Bad,3903
Bad,3904
Bad,3905
Bad,3906
Bad,3907
Bad,3908
Bad,3909
Bad,3910
Bad,3911
Bad,3912
Bad,3913
Bad,3914
Bad,3915
Bad,3916
Bad,3917
Bad,3918
Bad,3919
Bad,3920
Bad,3921
Bad,3922
Bad,3923
Bad,3924
Bad,3925
Bad,3926
Bad,3927
Bad,3928
Bad,3929
Bad,3930
Bad,3931
Bad,3932
Bad,3933
Bad,3934
Bad,3935
Bad,3936
Bad,3937
Bad,3938
Bad,3939
Bad,3940
Bad,3941
Bad,3942
Bad,3943
Bad,3944
Bad,3945
Bad,3946
Bad,3947
Bad,3948
Bad,3949
Bad,3950
Bad,3951
Bad,3952
Bad,3953
Bad,3954
Bad,3955
Bad,3956
Bad,3957
Bad,3958
Bad,3959
Bad,3960
Bad,3961
Bad,3962
Bad,3963
Bad,3964
Bad,3965
Bad,3966
Bad,3967
Bad,3968
Bad,3969
Bad,3970
Bad,3971
Bad,3972
Bad,3973
Bad,3974
Bad,3975
Bad,3976
Bad,3977
Bad,3978
Bad,3979
Bad,3980
Bad,3981
Bad,3982
Bad,3983
Bad,3984
Bad,3985
Bad,3986
Bad,3987
Bad,3988
Bad,3989
Bad,3990
Bad,3991
Bad,3992
Bad,3993
Bad,3994
Bad,3995
Bad,3996
Bad,3997
Bad,3998
Bad,3999
Bad,4000
Bad,4001
Bad,4002
Bad,4003
Bad,4004
Bad,4005
Bad,4006
Bad,4007
Bad,4008
Bad,4009
Bad,4010
Bad,4011
Bad,4012
Bad,4013
Bad,4014
Bad,4015
Bad,4016
Bad,4017
Bad,4018
Bad,4019
Bad,4020
Bad,4021
Bad,4022
Bad,4023
Bad,4024
Bad,4025
Bad,4026
Bad,4027
Bad,4028
Bad,4029
Bad,4030
Bad,4031
Bad,4032
Bad,4033
Bad,4034
Bad,4035
Bad,4036
Bad,4037
Bad,4038
Bad,4039
Bad,4040
Bad,4041
Bad,4042
Bad,4043
Bad,4044
Bad,4045
Bad,4046
Bad,4047
Bad,4048
Bad,4049
Bad,4050
Bad,4051
Bad,4052
Bad,4053
Bad,4054
Bad,4055
Bad,4056
Bad,4057
Bad,4058
Bad,4059
Bad,4060
Bad,4061
Bad,4062
Bad,4063
Bad,4064
Bad,4065
Bad,4066
Bad,4067
Bad,4068
Bad,4069
Bad,4070
Bad,4071
Bad,4072
Bad,4073
Bad,4074
Bad,4075
Bad,4076
Bad,4077
Bad,4078
Bad,4079
Bad,4080
Bad,4081
Bad,4082
Bad,4083
Bad,4084
Bad,4085
Bad,4086
Bad,4087
Bad,4088
Bad,4089
Bad,4090
Bad,4091
Bad,4092
Bad,4093
Bad,4094
Bad,4095
Bad,4096
Bad,4097
Bad,4098
Bad,4099
Bad,4100
Bad,4101
Bad,4102
Bad,4103
Bad,4104
Bad,4105
Bad,4106
Bad,4107
Bad,4108
Bad,4109
Bad,4110
Bad,4111
Bad,4112
Bad,4113
Bad,4114
Bad,4115
Bad,4116
Bad,4117
Bad,4118
Bad,4119
Bad,4120
Bad,4121
Bad,4122
Bad,4123
Bad,4124
Bad,4125
Bad,4126
Bad,4127
Bad,4128
Bad,4129
Bad,4130
Bad,4131
Bad,4132
Bad,4133
Bad,4134
Bad,4135
Bad,4136
Bad,4137
Bad,4138
Bad,4139
Bad,4140
Bad,4141
Bad,4142
Bad,4143
Bad,4144
Bad,4145
Bad,4146
Bad,4147
Bad,4148
Bad,4149
Bad,4150
Bad,4151
Bad,4152
Bad,4153
Bad,4154
Bad,4155
Bad,4156
Bad,4157
Bad,4158
Bad,4159
Bad,4160
Bad,4161
Bad,4162
Bad,4163
Bad,4164
Bad,4165
Bad,4166
Bad,4167
Bad,4168
Bad,4169
Bad,4170
Bad,4171
Bad,4172
Bad,4173
Bad,4174
Bad,4175
Bad,4176
Bad,4177
Bad,4178
Bad,4179
Bad,4180
Bad,4181
Bad,4182
Bad,4183
Bad,4184
Bad,4185
Bad,4186
Bad,4187
Bad,4188
Bad,4189
Bad,4190
Bad,4191
Bad,4192
Bad,4193
Bad,4194
Bad,4195
Bad,4196
Bad,4197
Bad,4198
Bad,4199
Bad,4200
Bad,4201
Bad,4202
Bad,4203
Bad,4204
Bad,4205
Bad,4206
Bad,4207
Bad,4208
Bad,4209
Bad,4210
Bad,4211
Bad,4212
Bad,4213
Bad,4214
Bad,4215
Bad,4216
Bad,4217
Bad,4218
Bad,4219
Bad,4220
Bad,4221
Bad,4222
Bad,4223
Bad,4224
Bad,4225
Bad,4226
Bad,4227
Bad,4228
Bad,4229
Bad,4230
Bad,4231
Bad,4232
Bad,4233
Bad,4234
Bad,4235
Bad,4236
Bad,4237
Bad,4238
Bad,4239
Bad,4240
Bad,4241
Bad,4242
Bad,4243
Bad,4244
Bad,4245
Bad,4246
Bad,4247
Bad,4248
Bad,4249
Bad,4250
Bad,4251
Bad,4252
Bad,4253
Bad,4254
Bad,4255
Bad,4256
Bad,4257
Bad,4258
Bad,4259
Bad,4260
Bad,4261
Bad,4262
Bad,4263
Bad,4264
Bad,4265
Bad,4266
Bad,4267
Bad,4268
Bad,4269
Bad,4270
Bad,4271
Bad,4272
Bad,4273
Bad,4274
Bad,4275
Bad,4276
Bad,4277
Bad,4278
Bad,4279
Bad,4280
Bad,4281
Bad,4282
Bad,4283
Bad,4284
Bad,4285
Bad,4286
Bad,4287
Bad,4288
Bad,4289
Bad,4290
Bad,4291
Bad,4292
Bad,4293
Bad,4294
Bad,4295
Bad,4296
Bad,4297
Bad,4298
Bad,4299
Bad,4300
Bad,4301
Bad,4302
Bad,4303
Bad,4304
Bad,4305
Bad,4306
Bad,4307
Bad,4308
Bad,4309
Bad,4310
Bad,4311
Bad,4312
Bad,4313
Bad,4314
Bad,4315
Bad,4316
Bad,4317
Bad,4318
Bad,4319
Bad,4320
Bad,4321
Bad,4322
Bad,4323
Bad,4324
Bad,4325
Bad,4326
Bad,4327
Bad,4328
Bad,4329
Bad,4330
Bad,4331
Bad,4332
Bad,4333
Bad,4334
Bad,4335
Bad,4336
Bad,4337
Bad,4338
Bad,4339
Bad,4340
Bad,4341
Bad,4342
Bad,4343
Bad,4344
Bad,4345
Bad,4346
Bad,4347
Bad,4348
Bad,4349
Bad,4350
Bad,4351
Bad,4352
Bad,4353
Bad,4354
Bad,4355
Bad,4356
Bad,4357
Bad,4358
Bad,4359
Bad,4360
Bad,4361
Bad,4362
Bad,4363
Bad,4364
Bad,4365
Bad,4366
Bad,4367
Bad,4368
Bad,4369
Bad,4370
Bad,4371
Bad,4372
Bad,4373
Bad,4374
Bad,4375
Bad,4376
Bad,4377
Bad,4378
Bad,4379
Bad,4380
Bad,4381
Bad,4382
Bad,4383
Bad,4384
Bad,4385
Bad,4386
Bad,4387
Bad,4388
Bad,4389
Bad,4390
Bad,4391
Bad,4392
Bad,4393
Bad,4394
Bad,4395
Bad,4396
Bad,4397
Bad,4398
Bad,4399
Bad,4400
Bad,4401
Bad,4402
Bad,4403
Bad,4404
Bad,4405
Bad,4406
Bad,4407
Bad,4408
Bad,4409
Bad,4410
Bad,4411
Bad,4412
Bad,4413
Bad,4414
Bad,4415
Bad,4416
Bad,4417
Bad,4418
Bad,4419
Bad,4420
Bad,4421
Bad,4422
Bad,4423
Bad,4424
Bad,4425
Bad,4426
Bad,4427
Bad,4428
Bad,4429
Bad,4430
Bad,4431
Bad,4432
Bad,4433
Bad,4434
Bad,4435
Bad,4436
Bad,4437
Bad,4438
Bad,4439
Bad,4440
Bad,4441
Bad,4442
Bad,4443
Bad,4444
Bad,4445
Bad,4446
Bad,4447
Bad,4448
Bad,4449
Bad,4450
Bad,4451
Bad,4452
Bad,4453
Bad,4454
Bad,4455
Bad,4456
Bad,4457
Bad,4458
Bad,4459
Bad,4460
Bad,4461
Bad,4462
Bad,4463
Bad,4464
Bad,4465
Bad,4466
Bad,4467
Bad,4468
Bad,4469
Bad,4470
Bad,4471
Bad,4472
Bad,4473
Bad,4474
Bad,4475
Bad,4476
Bad,4477
Bad,4478
Bad,4479
Bad,4480
Bad,4481
Bad,4482
Bad,4483
Bad,4484
Bad,4485
Bad,4486
Bad,4487
Bad,4488
Bad,4489
Bad,4490
Bad,4491
Bad,4492
Bad,4493
Bad,4494
Bad,4495
Bad,4496
Bad,4497
Bad,4498
Bad,4499
Bad,4500
Bad,4501
Bad,4502
Bad,4503
Bad,4504
Bad,4505
Bad,4506
Bad,4507
Bad,4508
Bad,4509
Bad,4510
Bad,4511
Bad,4512
Bad,4513
Bad,4514
Bad,4515
Bad,4516
Bad,4517
Bad,4518
Bad,4519
Bad,4520
Bad,4521
Bad,4522
Bad,4523
Bad,4524
Bad,4525
Bad,4526
Bad,4527
Bad,4528
Bad,4529
Bad,4530
Bad,4531
Bad,4532
Bad,4533
Bad,4534
Bad,4535
Bad,4536
Bad,4537
Bad,4538
Bad,4539
Bad,4540
Bad,4541
Bad,4542
Bad,4543
Bad,4544
Bad,4545
Bad,4546
Bad,4547
Bad,4548
Bad,4549
Bad,4550
Bad,4551
Bad,4552
Bad,4553
Bad,4554
Bad,4555
Bad,4556
Bad,4557
Bad,4558
Bad,4559
Bad,4560
Bad,4561
Bad,4562
Bad,4563
Bad,4564
Bad,4565
Bad,4566
Bad,4567
Bad,4568
Bad,4569
Bad,4570
Bad,4571
Bad,4572
Bad,4573
Bad,4574
Bad,4575
Bad,4576
Bad,4577
Bad,4578
Bad,4579
Bad,4580
Bad,4581
Bad,4582
Bad,4583
Bad,4584
Bad,4585
Bad,4586
Bad,4587
Bad,4588
Bad,4589
Bad,4590
Bad,4591
Bad,4592
Bad,4593
Bad,4594
Bad,4595
Bad,4596
Bad,4597
Bad,4598
Bad,4599
Bad,4600
Bad,4601
Bad,4602
Bad,4603
Bad,4604
Bad,4605
Bad,4606
Bad,4607
Bad,4608
Bad,4609
Bad,4610
Bad,4611
Bad,4612
Bad,4613
Bad,4614
Bad,4615
Bad,4616
Bad,4617
Bad,4618
Bad,4619
Bad,4620
Bad,4621
Bad,4622
Bad,4623
Bad,4624
Bad,4625
Bad,4626
Bad,4627
Bad,4628
Bad,4629
Bad,4630
Bad,4631
Bad,4632
Bad,4633
Bad,4634
Bad,4635
Bad,4636
Bad,4637
Bad,4638
Bad,4639
Bad,4640
Bad,4641
Bad,4642
Bad,4643
Bad,4644
Bad,4645
Bad,4646
Bad,4647
Bad,4648
Bad,4649
Bad,4650
Bad,4651
Bad,4652
Bad,4653
Bad,4654
Bad,4655
Bad,4656
Bad,4657
Bad,4658
Bad,4659
Bad,4660
Bad,4661
Bad,4662
Bad,4663
Bad,4664
Bad,4665
Bad,4666
Bad,4667
Bad,4668
Bad,4669
Bad,4670
Bad,4671
Bad,4672
Bad,4673
Bad,4674
Bad,4675
Bad,4676
Bad,4677
Bad,4678
Bad,4679
Bad,4680
Bad,4681
Bad,4682
Bad,4683
Bad,4684
Bad,4685
Bad,4686
Bad,4687
Bad,4688
Bad,4689
Bad,4690
Bad,4691
Bad,4692
Bad,4693
Bad,4694
Bad,4695
Bad,4696
Bad,4697
Bad,4698
Bad,4699
Bad,4700
Bad,4701
Bad,4702
Bad,4703
Bad,4704
Bad,4705
Bad,4706
Bad,4707
Bad,4708
Bad,4709
Bad,4710
Bad,4711
Bad,4712
Bad,4713
Bad,4714
Bad,4715
Bad,4716
Bad,4717
Bad,4718
Bad,4719
Bad,4720
Bad,4721
Bad,4722
Bad,4723
Bad,4724
Bad,4725
Bad,4726
Bad,4727
Bad,4728
Bad,4729
Bad,4730
Bad,4731
Bad,4732
Bad,4733
Bad,4734
Bad,4735
Bad,4736
Bad,4737
Bad,4738
Bad,4739
Bad,4740
Bad,4741
Bad,4742
Bad,4743
Bad,4744
Bad,4745
Bad,4746
Bad,4747
Bad,4748
Bad,4749
Bad,4750
Bad,4751
Bad,4752
Bad,4753
Bad,4754
Bad,4755
Bad,4756
Bad,4757
Bad,4758
Bad,4759
Bad,4760
Bad,4761
Bad,4762
Bad,4763
Bad,4764
Bad,4765
Bad,4766
Bad,4767
Bad,4768
Bad,4769
Bad,4770
Bad,4771
Bad,4772
Bad,4773
Bad,4774
Bad,4775
Bad,4776
Bad,4777
Bad,4778
Bad,4779
Bad,4780
Bad,4781
Bad,4782
Bad,4783
Bad,4784
Bad,4785
Bad,4786
Bad,4787
Bad,4788
Bad,4789
Bad,4790
Bad,4791
Bad,4792
Bad,4793
Bad,4794
Bad,4795
Bad,4796
Bad,4797
Bad,4798
Bad,4799
Bad,4800
Bad,4801
Bad,4802
Bad,4803
Bad,4804
Bad,4805
Bad,4806
Bad,4807
Bad,4808
Bad,4809
Bad,4810
Bad,4811
Bad,4812
Bad,4813
Bad,4814
Bad,4815
Bad,4816
Bad,4817
Bad,4818
Bad,4819
Bad,4820
Bad,4821
Bad,4822
Bad,4823
Bad,4824
Bad,4825
Bad,4826
Bad,4827
Bad,4828
Bad,4829
Bad,4830
Bad,4831
Bad,4832
Bad,4833
Bad,4834
Bad,4835
Bad,4836
Bad,4837
Bad,4838
Bad,4839
Bad,4840
Bad,4841
Bad,4842
Bad,4843
Bad,4844
Bad,4845
Bad,4846
Bad,4847
Bad,4848
Bad,4849
Bad,4850
Bad,4851
Bad,4852
Bad,4853
Bad,4854
Bad,4855
Bad,4856
Bad,4857
Bad,4858
Bad,4859
Bad,4860
Bad,4861
Bad,4862
Bad,4863
Bad,4864
Bad,4865
Bad,4866
Bad,4867
Bad,4868
Bad,4869
Bad,4870
Bad,4871
Bad,4872
Bad,4873
Bad,4874
Bad,4875
Bad,4876
Bad,4877
Bad,4878
Bad,4879
Bad,4880
Bad,4881
Bad,4882
Bad,4883
Bad,4884
Bad,4885
Bad,4886
Bad,4887
Bad,4888
Bad,4889
Bad,4890
Bad,4891
Bad,4892
Bad,4893
Bad,4894
Bad,4895
Bad,4896
Bad,4897
Bad,4898
Bad,4899
Bad,4900
Bad,4901
Bad,4902
Bad,4903
Bad,4904
Bad,4905
Bad,4906
Bad,4907
Bad,4908
Bad,4909
Bad,4910
Bad,4911
Bad,4912
Bad,4913
Bad,4914
Bad,4915
Bad,4916
Bad,4917
Bad,4918
Bad,4919
Bad,4920
Bad,4921
Bad,4922
Bad,4923
Bad,4924
Bad,4925
Bad,4926
Bad,4927
Bad,4928
Bad,4929
Bad,4930
Bad,4931
Bad,4932
Bad,4933
Bad,4934
Bad,4935
Bad,4936
Bad,4937
Bad,4938
Bad,4939
Bad,4940
Bad,4941
Bad,4942
Bad,4943
Bad,4944
Bad,4945
Bad,4946
Bad,4947
Bad,4948
Bad,4949
Bad,4950
Bad,4951
Bad,4952
Bad,4953
Bad,4954
Bad,4955
Bad,4956
Bad,4957
Bad,4958
Bad,4959
Bad,4960
Bad,4961
Bad,4962
Bad,4963
Bad,4964
Bad,4965
Bad,4966
Bad,4967
Bad,4968
Bad,4969
Bad,4970
Bad,4971
Bad,4972
Bad,4973
Bad,4974
Bad,4975
Bad,4976
Bad,4977
Bad,4978
Bad,4979
Bad,4980
Bad,4981
Bad,4982
Bad,4983
Bad,4984
Bad,4985
Bad,4986
Bad,4987
Bad,4988
Bad,4989
Bad,4990
Bad,4991
Bad,4992
Bad,4993
Bad,4994
Bad,4995
Bad,4996
Bad,4997
Bad,4998
Bad,4999
